p1,Mamen Cortés,230
-2126342350,2023-05-10,15.0,35.0,HEMBRA,X,X,null
-2126342349,2023-05-10,15.0,35.0,MACHO,X,Ymut,null
-2126342348,2023-05-10,15.0,35.0,MACHO,X,Ymut,null
-2126342347,2023-05-10,15.0,35.0,MACHO,X,Ymut,null
-2126342346,2023-05-10,15.0,35.0,MACHO,X,Ymut,null
-2126342345,2023-05-10,15.0,35.0,HEMBRA,X,X,null
-2126342344,2023-05-10,15.0,35.0,HEMBRA,X,X,null
-2126342343,2023-05-10,15.0,35.0,HEMBRA,X,X,null
-2126342342,2023-05-10,15.0,35.0,HEMBRA,X,X,null
-2126342341,2023-05-10,15.0,35.0,HEMBRA,X,X,null
-2126342340,2023-05-10,15.0,35.0,MACHO,X,Ymut,null
-2126342339,2023-05-10,15.0,35.0,MACHO,X,Ymut,null
-2126342338,2023-05-10,15.0,35.0,HEMBRA,X,X,null
-2126342337,2023-05-10,15.0,35.0,HEMBRA,X,X,null
-2126342336,2023-05-10,15.0,35.0,MACHO,X,Ymut,null
-2126342335,2023-05-10,15.0,35.0,MACHO,X,Ymut,null
-2126342334,2023-05-10,15.0,35.0,HEMBRA,X,X,null
-2126342333,2023-05-10,15.0,35.0,MACHO,X,Ymut,null
-2126342332,2023-05-10,15.0,35.0,HEMBRA,X,X,null
-2126342331,2023-05-10,15.0,35.0,HEMBRA,X,X,null
-2126342330,2023-05-10,15.0,35.0,HEMBRA,X,X,null
-2126342329,2023-05-10,15.0,35.0,MACHO,X,Ymut,null
-2126342328,2023-05-10,15.0,35.0,MACHO,X,Ymut,null
-2126342327,2023-05-10,15.0,35.0,MACHO,X,Ymut,null
-2126342326,2023-05-10,15.0,35.0,MACHO,X,Ymut,null
-2126342325,2023-05-10,15.0,35.0,MACHO,X,Ymut,null
-2126342324,2023-05-10,15.0,35.0,HEMBRA,X,X,null
-2126342323,2023-05-10,15.0,35.0,MACHO,X,Ymut,null
-2126342322,2023-05-10,15.0,35.0,MACHO,X,Ymut,null
-2126342321,2023-05-10,15.0,35.0,HEMBRA,X,X,null
-291351988,2023-05-10,15.0,35.0,HEMBRA,X,X,null
-291351987,2023-05-10,15.0,35.0,HEMBRA,X,X,null
-291351986,2023-05-10,15.0,35.0,MACHO,X,Ymut,null
-291351985,2023-05-10,15.0,35.0,MACHO,X,Ymut,null
-291351984,2023-05-10,15.0,35.0,MACHO,X,Ymut,null
-291351983,2023-05-10,15.0,35.0,HEMBRA,X,X,null
-291351982,2023-05-10,15.0,35.0,HEMBRA,X,X,null
-291351981,2023-05-10,15.0,35.0,HEMBRA,X,X,null
-291351980,2023-05-10,15.0,35.0,MACHO,X,Ymut,null
-291351979,2023-05-10,15.0,35.0,MACHO,X,Ymut,null
-291351978,2023-05-10,15.0,35.0,MACHO,X,Ymut,null
-291351977,2023-05-10,15.0,35.0,HEMBRA,X,X,null
-291351976,2023-05-10,15.0,35.0,HEMBRA,X,X,null
-291351975,2023-05-10,15.0,35.0,MACHO,X,Ymut,null
-291351974,2023-05-10,15.0,35.0,MACHO,X,Ymut,null
-291351973,2023-05-10,15.0,35.0,MACHO,X,Ymut,null
-291351972,2023-05-10,15.0,35.0,MACHO,X,Ymut,null
-291351971,2023-05-10,15.0,35.0,MACHO,X,Ymut,null
-291351970,2023-05-10,15.0,35.0,HEMBRA,X,X,null
-291351969,2023-05-10,15.0,35.0,HEMBRA,X,X,null
-291351968,2023-05-10,15.0,35.0,MACHO,X,Ymut,null
-291351967,2023-05-10,15.0,35.0,MACHO,X,Ymut,null
-291351966,2023-05-10,15.0,35.0,HEMBRA,X,X,null
-291351965,2023-05-10,15.0,35.0,MACHO,X,Ymut,null
-291351964,2023-05-10,15.0,35.0,MACHO,X,Ymut,null
-291351963,2023-05-10,15.0,35.0,MACHO,X,Ymut,null
-291351962,2023-05-10,15.0,35.0,MACHO,X,Ymut,null
-291351961,2023-05-10,15.0,35.0,MACHO,X,Ymut,null
-291351960,2023-05-10,15.0,35.0,HEMBRA,X,X,null
-291351959,2023-05-10,15.0,35.0,HEMBRA,X,X,null
-291351958,2023-05-10,15.0,35.0,HEMBRA,X,X,null
-291351957,2023-05-10,15.0,35.0,MACHO,X,Ymut,null
-291351956,2023-05-10,15.0,35.0,MACHO,X,Ymut,null
-291351955,2023-05-10,15.0,35.0,HEMBRA,X,X,null
-291351954,2023-05-10,15.0,35.0,MACHO,X,Ymut,null
-291351953,2023-05-10,15.0,35.0,HEMBRA,X,X,null
-291351952,2023-05-10,15.0,35.0,MACHO,X,Ymut,null
-291351951,2023-05-10,15.0,35.0,HEMBRA,X,X,null
-291351950,2023-05-10,15.0,35.0,HEMBRA,X,X,null
-291351949,2023-05-10,15.0,35.0,MACHO,X,Ymut,null
-291351948,2023-05-10,15.0,35.0,HEMBRA,X,X,null
-291351947,2023-05-10,15.0,35.0,MACHO,X,Ymut,null
-291351946,2023-05-10,15.0,35.0,HEMBRA,X,X,null
-291351945,2023-05-10,15.0,35.0,HEMBRA,X,X,null
-291351944,2023-05-10,15.0,35.0,HEMBRA,X,X,null
-291351943,2023-05-10,15.0,35.0,HEMBRA,X,X,null
-291351942,2023-05-10,15.0,35.0,MACHO,X,Ymut,null
-291351941,2023-05-10,15.0,35.0,HEMBRA,X,X,null
-291351940,2023-05-10,15.0,35.0,MACHO,X,Ymut,null
-291351939,2023-05-10,15.0,35.0,HEMBRA,X,X,null
-291351938,2023-05-10,15.0,35.0,HEMBRA,X,X,null
-291351937,2023-05-10,15.0,35.0,MACHO,X,Ymut,null
-291351936,2023-05-10,15.0,35.0,HEMBRA,X,X,null
-291351935,2023-05-10,15.0,35.0,MACHO,X,Ymut,null
-291351934,2023-05-10,15.0,35.0,HEMBRA,X,X,null
-291351933,2023-05-10,15.0,35.0,MACHO,X,Ymut,null
-291351932,2023-05-10,15.0,35.0,MACHO,X,Ymut,null
-291351931,2023-05-10,15.0,35.0,MACHO,X,Ymut,null
-291351930,2023-05-10,15.0,35.0,HEMBRA,X,X,null
-291351929,2023-05-10,15.0,35.0,HEMBRA,X,X,null
-291351928,2023-05-10,15.0,35.0,HEMBRA,X,X,null
-291351927,2023-05-10,15.0,35.0,MACHO,X,Ymut,null
-291351926,2023-05-10,15.0,35.0,HEMBRA,X,X,null
-291351925,2023-05-10,15.0,35.0,HEMBRA,X,X,null
-291351924,2023-05-10,15.0,35.0,HEMBRA,X,X,null
-291351923,2023-05-10,15.0,35.0,MACHO,X,Ymut,null
-291351922,2023-05-10,15.0,35.0,MACHO,X,Ymut,null
-291351921,2023-05-10,15.0,35.0,MACHO,X,Ymut,null
-291351920,2023-05-10,15.0,35.0,MACHO,X,Ymut,null
-291351919,2023-05-10,15.0,35.0,HEMBRA,X,X,null
-291351918,2023-05-10,15.0,35.0,MACHO,X,Ymut,null
-291351917,2023-05-10,15.0,35.0,MACHO,X,Ymut,null
-291351916,2023-05-10,15.0,35.0,MACHO,X,Ymut,null
-291351915,2023-05-10,15.0,35.0,HEMBRA,X,X,null
-291351914,2023-05-10,15.0,35.0,HEMBRA,X,X,null
-291351913,2023-05-10,15.0,35.0,HEMBRA,X,X,null
-291351912,2023-05-10,15.0,35.0,HEMBRA,X,X,null
-291351911,2023-05-10,15.0,35.0,MACHO,X,Ymut,null
-291351910,2023-05-10,15.0,35.0,MACHO,X,Ymut,null
-291351909,2023-05-10,15.0,35.0,HEMBRA,X,X,null
-291351908,2023-05-10,15.0,35.0,HEMBRA,X,X,null
-291351907,2023-05-10,15.0,35.0,HEMBRA,X,X,null
-291351906,2023-05-10,15.0,35.0,MACHO,X,Ymut,null
-291351905,2023-05-10,15.0,35.0,MACHO,X,Ymut,null
-291351904,2023-05-10,15.0,35.0,MACHO,X,Ymut,null
-291351903,2023-05-10,15.0,35.0,MACHO,X,Ymut,null
-291351902,2023-05-10,15.0,35.0,MACHO,X,Ymut,null
-291351901,2023-05-10,15.0,35.0,HEMBRA,X,X,null
-291351900,2023-05-10,15.0,35.0,MACHO,X,Ymut,null
-291351899,2023-05-10,15.0,35.0,HEMBRA,X,X,null
-291351898,2023-05-10,15.0,35.0,MACHO,X,Ymut,null
-291351897,2023-05-10,15.0,35.0,HEMBRA,X,X,null
-291351896,2023-05-10,15.0,35.0,HEMBRA,X,X,null
-291351895,2023-05-10,15.0,35.0,MACHO,X,Ymut,null
-291351894,2023-05-10,15.0,35.0,MACHO,X,Ymut,null
-291351893,2023-05-10,15.0,35.0,HEMBRA,X,X,null
-291351892,2023-05-10,15.0,35.0,HEMBRA,X,X,null
-291351891,2023-05-10,15.0,35.0,MACHO,X,Ymut,null
-291351890,2023-05-10,15.0,35.0,HEMBRA,X,X,null
-291351889,2023-05-10,15.0,35.0,MACHO,X,Ymut,null
-291351888,2023-05-10,15.0,35.0,MACHO,X,Ymut,null
-291351887,2023-05-10,15.0,35.0,HEMBRA,X,X,null
-291351886,2023-05-10,15.0,35.0,MACHO,X,Ymut,null
-291351885,2023-05-10,15.0,35.0,MACHO,X,Ymut,null
-291351884,2023-05-10,15.0,35.0,MACHO,X,Ymut,null
-291351883,2023-05-10,15.0,35.0,HEMBRA,X,X,null
-291351882,2023-05-10,15.0,35.0,MACHO,X,Ymut,null
-291351881,2023-05-10,15.0,35.0,MACHO,X,Ymut,null
-291351880,2023-05-10,15.0,35.0,MACHO,X,Ymut,null
-291351879,2023-05-10,15.0,35.0,HEMBRA,X,X,null
-291351878,2023-05-10,15.0,35.0,HEMBRA,X,X,null
-291351877,2023-05-10,15.0,35.0,HEMBRA,X,X,null
-291351876,2023-05-10,15.0,35.0,MACHO,X,Ymut,null
-291351875,2023-05-10,15.0,35.0,MACHO,X,Ymut,null
-291351874,2023-05-10,15.0,35.0,HEMBRA,X,X,null
-291351873,2023-05-10,15.0,35.0,HEMBRA,X,X,null
-291351872,2023-05-10,15.0,35.0,HEMBRA,X,X,null
-291351871,2023-05-10,15.0,35.0,MACHO,X,Ymut,null
-291351870,2023-05-10,15.0,35.0,MACHO,X,Ymut,null
-291351869,2023-05-10,15.0,35.0,MACHO,X,Ymut,null
1,2023-05-10,15.0,35.0,MACHO,Xmut,Y,Ratón estéril
2,2023-05-10,15.0,35.0,MACHO,X,Y,Ratón sin patologías
3,2023-05-10,15.0,35.0,MACHO,X,Ymut,Ratón poligámico
4,2023-05-10,15.0,35.0,MACHO,X,Y,Ratón sin patologías
5,2023-05-10,15.0,35.0,MACHO,X,Y,Ratón sin patologías
6,2023-05-10,15.0,35.0,HEMBRA,X,X,Ratón sin patologías
7,2023-05-10,15.0,35.0,MACHO,X,Y,Ratón sin patologías
8,2023-05-10,15.0,35.0,MACHO,X,Y,Ratón sin patologías
9,2023-05-10,15.0,35.0,MACHO,Xmut,Y,Ratón estéril
10,2023-05-10,15.0,35.0,MACHO,X,Ymut,Ratón poligámico
11,2023-05-10,15.0,35.0,MACHO,X,Y,Ratón sin patologías
12,2023-05-10,15.0,35.0,MACHO,X,Y,Ratón sin patologías
13,2023-05-10,15.0,35.0,MACHO,X,Y,Ratón sin patologías
14,2023-05-10,15.0,35.0,MACHO,X,Y,Ratón sin patologías
15,2023-05-10,15.0,35.0,MACHO,X,Y,Ratón sin patologías
16,2023-05-10,15.0,35.0,MACHO,Xmut,Y,Ratón estéril
17,2023-05-10,15.0,35.0,MACHO,X,Ymut,Ratón poligámico
18,2023-05-10,15.0,35.0,MACHO,X,Ymut,Ratón poligámico
19,2023-05-10,15.0,35.0,MACHO,Xmut,Y,Ratón estéril
20,2023-05-10,15.0,35.0,MACHO,X,Y,Ratón sin patologías
21,2023-05-10,15.0,35.0,MACHO,X,Y,Ratón sin patologías
22,2023-05-10,15.0,35.0,MACHO,X,Ymut,Ratón poligámico
23,2023-05-10,15.0,35.0,MACHO,X,Y,Ratón sin patologías
24,2023-05-10,15.0,35.0,HEMBRA,X,X,Ratón sin patologías
25,2023-05-10,15.0,35.0,MACHO,Xmut,Y,Ratón estéril
26,2023-05-10,15.0,35.0,HEMBRA,X,X,Ratón sin patologías
27,2023-05-10,15.0,35.0,MACHO,X,Ymut,Ratón poligámico
28,2023-05-10,15.0,35.0,MACHO,X,Ymut,Ratón poligámico
29,2023-05-10,15.0,35.0,MACHO,X,Y,Ratón sin patologías
30,2023-05-10,15.0,35.0,MACHO,X,Y,Ratón sin patologías
31,2023-05-10,15.0,35.0,HEMBRA,X,X,null
32,2023-05-10,15.0,35.0,HEMBRA,X,X,null
33,2023-05-10,15.0,35.0,HEMBRA,X,X,null
34,2023-05-10,15.0,35.0,MACHO,X,Y,null
35,2023-05-10,15.0,35.0,MACHO,X,Y,null
36,2023-05-10,15.0,35.0,MACHO,X,Y,null
37,2023-05-10,15.0,35.0,MACHO,X,Y,null
38,2023-05-10,15.0,35.0,MACHO,X,Y,null
69,2023-05-10,15.0,35.0,HEMBRA,X,X,null
70,2023-05-10,15.0,35.0,HEMBRA,X,X,null
71,2023-05-10,15.0,35.0,MACHO,X,Y,null
72,2023-05-10,15.0,35.0,HEMBRA,X,X,null
73,2023-05-10,15.0,35.0,MACHO,X,Y,null
104,2023-05-10,15.0,35.0,MACHO,X,Ymut,null
105,2023-05-10,15.0,35.0,MACHO,X,Ymut,null
106,2023-05-10,15.0,35.0,HEMBRA,X,X,null
107,2023-05-10,15.0,35.0,MACHO,X,Ymut,null
108,2023-05-10,15.0,35.0,MACHO,X,Ymut,null
109,2023-05-10,15.0,35.0,HEMBRA,X,X,null
110,2023-05-10,15.0,35.0,MACHO,X,Ymut,null
111,2023-05-10,15.0,35.0,MACHO,X,Y,null
112,2023-05-10,15.0,35.0,MACHO,X,Y,null
113,2023-05-10,15.0,35.0,HEMBRA,X,X,null
114,2023-05-10,15.0,35.0,HEMBRA,X,X,null
225,2023-05-10,15.0,35.0,HEMBRA,X,X,null
226,2023-05-10,15.0,35.0,MACHO,X,Y,null
227,2023-05-10,15.0,35.0,MACHO,X,Y,null
228,2023-05-10,15.0,35.0,MACHO,X,Y,null
229,2023-05-10,15.0,35.0,HEMBRA,X,X,null
230,2023-05-10,15.0,35.0,MACHO,X,Y,null
231,2023-05-10,15.0,35.0,HEMBRA,X,X,null
342,2023-05-10,15.0,35.0,MACHO,X,Ymut,null
343,2023-05-10,15.0,35.0,HEMBRA,X,X,null
344,2023-05-10,15.0,35.0,HEMBRA,X,X,null
345,2023-05-10,15.0,35.0,MACHO,X,Ymut,null
346,2023-05-10,15.0,35.0,MACHO,X,Ymut,null
347,2023-05-10,15.0,35.0,HEMBRA,X,X,null
348,2023-05-10,15.0,35.0,MACHO,X,Ymut,null
349,2023-05-10,15.0,35.0,MACHO,X,Ymut,null
350,2023-05-10,15.0,35.0,HEMBRA,X,X,null
351,2023-05-10,15.0,35.0,MACHO,X,Ymut,null
352,2023-05-10,15.0,35.0,MACHO,X,Ymut,null
353,2023-05-10,15.0,35.0,HEMBRA,X,X,null
354,2023-05-10,15.0,35.0,HEMBRA,X,X,null
355,2023-05-10,15.0,35.0,HEMBRA,X,X,null
356,2023-05-10,15.0,35.0,HEMBRA,X,X,null
357,2023-05-10,15.0,35.0,HEMBRA,X,X,null
358,2023-05-10,15.0,35.0,MACHO,X,Ymut,null
359,2023-05-10,15.0,35.0,HEMBRA,X,X,null
709,2023-05-10,15.0,35.0,MACHO,X,Ymut,null
710,2023-05-10,15.0,35.0,HEMBRA,X,X,null
711,2023-05-10,15.0,35.0,HEMBRA,X,X,null
712,2023-05-10,15.0,35.0,MACHO,X,Ymut,null
713,2023-05-10,15.0,35.0,HEMBRA,X,X,null
1063,2023-05-10,15.0,35.0,MACHO,X,Ymut,null
1064,2023-05-10,15.0,35.0,HEMBRA,X,X,null
1065,2023-05-10,15.0,35.0,MACHO,X,Ymut,null
1066,2023-05-10,15.0,35.0,HEMBRA,X,X,null
1067,2023-05-10,15.0,35.0,MACHO,X,Ymut,null
1417,2023-05-10,15.0,35.0,MACHO,X,Ymut,null
1418,2023-05-10,15.0,35.0,HEMBRA,X,X,null
1419,2023-05-10,15.0,35.0,MACHO,X,Ymut,null
1420,2023-05-10,15.0,35.0,MACHO,X,Ymut,null
1770,2023-05-10,15.0,35.0,MACHO,X,Ymut,null
1771,2023-05-10,15.0,35.0,HEMBRA,X,X,null
2121,2023-05-10,15.0,35.0,HEMBRA,X,X,null
2122,2023-05-10,15.0,35.0,MACHO,X,Y,null
2123,2023-05-10,15.0,35.0,HEMBRA,X,X,null
2124,2023-05-10,15.0,35.0,MACHO,X,Y,null
2125,2023-05-10,15.0,35.0,HEMBRA,X,X,null
2475,2023-05-10,15.0,35.0,MACHO,X,Y,null
2476,2023-05-10,15.0,35.0,HEMBRA,X,X,null
2477,2023-05-10,15.0,35.0,MACHO,X,Y,null
2478,2023-05-10,15.0,35.0,MACHO,X,Y,null
2479,2023-05-10,15.0,35.0,MACHO,X,Y,null
2480,2023-05-10,15.0,35.0,HEMBRA,X,X,null
2481,2023-05-10,15.0,35.0,MACHO,X,Y,null
2482,2023-05-10,15.0,35.0,MACHO,X,Y,null
2832,2023-05-10,15.0,35.0,MACHO,X,Y,null
2833,2023-05-10,15.0,35.0,HEMBRA,X,X,null
2834,2023-05-10,15.0,35.0,MACHO,X,Y,null
2835,2023-05-10,15.0,35.0,MACHO,X,Y,null
3185,2023-05-10,15.0,35.0,HEMBRA,X,X,null
3186,2023-05-10,15.0,35.0,HEMBRA,X,X,null
3187,2023-05-10,15.0,35.0,HEMBRA,X,X,null
3188,2023-05-10,15.0,35.0,MACHO,X,Y,null
3189,2023-05-10,15.0,35.0,MACHO,X,Y,null
3190,2023-05-10,15.0,35.0,HEMBRA,X,X,null
3191,2023-05-10,15.0,35.0,HEMBRA,X,X,null
3192,2023-05-10,15.0,35.0,MACHO,X,Y,null
3542,2023-05-10,15.0,35.0,MACHO,X,Y,null
3543,2023-05-10,15.0,35.0,HEMBRA,X,X,null
3544,2023-05-10,15.0,35.0,MACHO,X,Y,null
3545,2023-05-10,15.0,35.0,HEMBRA,X,X,null
3546,2023-05-10,15.0,35.0,MACHO,X,Y,null
3547,2023-05-10,15.0,35.0,MACHO,X,Y,null
3548,2023-05-10,15.0,35.0,HEMBRA,X,X,null
3549,2023-05-10,15.0,35.0,HEMBRA,X,X,null
3550,2023-05-10,15.0,35.0,HEMBRA,X,X,null
3551,2023-05-10,15.0,35.0,HEMBRA,X,X,null
7100,2023-05-10,15.0,35.0,MACHO,X,Ymut,null
7101,2023-05-10,15.0,35.0,HEMBRA,X,X,null
7102,2023-05-10,15.0,35.0,HEMBRA,X,X,null
7103,2023-05-10,15.0,35.0,MACHO,X,Ymut,null
7104,2023-05-10,15.0,35.0,HEMBRA,X,X,null
7105,2023-05-10,15.0,35.0,MACHO,X,Ymut,null
7106,2023-05-10,15.0,35.0,HEMBRA,X,X,null
7107,2023-05-10,15.0,35.0,HEMBRA,X,X,null
7108,2023-05-10,15.0,35.0,MACHO,X,Ymut,null
7109,2023-05-10,15.0,35.0,HEMBRA,X,X,null
7110,2023-05-10,15.0,35.0,HEMBRA,X,X,null
7111,2023-05-10,15.0,35.0,MACHO,X,Ymut,null
7112,2023-05-10,15.0,35.0,HEMBRA,X,X,null
7113,2023-05-10,15.0,35.0,MACHO,X,Ymut,null
7114,2023-05-10,15.0,35.0,MACHO,X,Ymut,null
7115,2023-05-10,15.0,35.0,MACHO,X,Ymut,null
10664,2023-05-10,15.0,35.0,MACHO,X,Ymut,null
10665,2023-05-10,15.0,35.0,HEMBRA,X,X,null
10666,2023-05-10,15.0,35.0,MACHO,X,Ymut,null
10667,2023-05-10,15.0,35.0,HEMBRA,X,X,null
10668,2023-05-10,15.0,35.0,MACHO,X,Ymut,null
10669,2023-05-10,15.0,35.0,HEMBRA,X,X,null
10670,2023-05-10,15.0,35.0,HEMBRA,X,X,null
10671,2023-05-10,15.0,35.0,HEMBRA,X,X,null
10672,2023-05-10,15.0,35.0,HEMBRA,X,X,null
14221,2023-05-10,15.0,35.0,MACHO,X,Ymut,null
14222,2023-05-10,15.0,35.0,MACHO,X,Ymut,null
14223,2023-05-10,15.0,35.0,HEMBRA,X,X,null
14224,2023-05-10,15.0,35.0,HEMBRA,X,X,null
17773,2023-05-10,15.0,35.0,MACHO,X,Ymut,null
17774,2023-05-10,15.0,35.0,HEMBRA,X,X,null
17775,2023-05-10,15.0,35.0,HEMBRA,X,X,null
17776,2023-05-10,15.0,35.0,HEMBRA,X,X,null
17777,2023-05-10,15.0,35.0,HEMBRA,X,X,null
17778,2023-05-10,15.0,35.0,HEMBRA,X,X,null
17779,2023-05-10,15.0,35.0,HEMBRA,X,X,null
17780,2023-05-10,15.0,35.0,MACHO,X,Ymut,null
17781,2023-05-10,15.0,35.0,MACHO,X,Ymut,null
17782,2023-05-10,15.0,35.0,HEMBRA,X,X,null
17783,2023-05-10,15.0,35.0,MACHO,X,Ymut,null
17784,2023-05-10,15.0,35.0,HEMBRA,X,X,null
17785,2023-05-10,15.0,35.0,MACHO,X,Ymut,null
17786,2023-05-10,15.0,35.0,HEMBRA,X,X,null
17787,2023-05-10,15.0,35.0,MACHO,X,Ymut,null
17788,2023-05-10,15.0,35.0,HEMBRA,X,X,null
17789,2023-05-10,15.0,35.0,HEMBRA,X,X,null
17790,2023-05-10,15.0,35.0,MACHO,X,Ymut,null
17791,2023-05-10,15.0,35.0,MACHO,X,Ymut,null
17792,2023-05-10,15.0,35.0,MACHO,X,Ymut,null
17793,2023-05-10,15.0,35.0,HEMBRA,X,X,null
17794,2023-05-10,15.0,35.0,HEMBRA,X,X,null
17795,2023-05-10,15.0,35.0,MACHO,X,Ymut,null
17796,2023-05-10,15.0,35.0,MACHO,X,Ymut,null
17797,2023-05-10,15.0,35.0,MACHO,X,Ymut,null
17798,2023-05-10,15.0,35.0,HEMBRA,X,X,null
17799,2023-05-10,15.0,35.0,HEMBRA,X,X,null
17800,2023-05-10,15.0,35.0,HEMBRA,X,X,null
17801,2023-05-10,15.0,35.0,HEMBRA,X,X,null
21350,2023-05-10,15.0,35.0,HEMBRA,X,X,null
21351,2023-05-10,15.0,35.0,MACHO,X,Y,null
21352,2023-05-10,15.0,35.0,HEMBRA,X,X,null
21353,2023-05-10,15.0,35.0,HEMBRA,X,X,null
21354,2023-05-10,15.0,35.0,HEMBRA,X,X,null
24903,2023-05-10,15.0,35.0,HEMBRA,X,X,null
24904,2023-05-10,15.0,35.0,MACHO,X,Y,null
24905,2023-05-10,15.0,35.0,HEMBRA,X,X,null
24906,2023-05-10,15.0,35.0,MACHO,X,Y,null
24907,2023-05-10,15.0,35.0,HEMBRA,X,X,null
24908,2023-05-10,15.0,35.0,MACHO,X,Y,null
24909,2023-05-10,15.0,35.0,HEMBRA,X,X,null
28458,2023-05-10,15.0,35.0,MACHO,X,Y,null
28459,2023-05-10,15.0,35.0,HEMBRA,X,X,null
28460,2023-05-10,15.0,35.0,MACHO,X,Y,null
28461,2023-05-10,15.0,35.0,HEMBRA,X,X,null
32010,2023-05-10,15.0,35.0,HEMBRA,X,X,null
32011,2023-05-10,15.0,35.0,MACHO,X,Y,null
32012,2023-05-10,15.0,35.0,HEMBRA,X,X,null
32013,2023-05-10,15.0,35.0,HEMBRA,X,X,null
32014,2023-05-10,15.0,35.0,MACHO,X,Y,null
32015,2023-05-10,15.0,35.0,MACHO,X,Y,null
32016,2023-05-10,15.0,35.0,MACHO,X,Y,null
32017,2023-05-10,15.0,35.0,HEMBRA,X,X,null
35566,2023-05-10,15.0,35.0,HEMBRA,X,X,null
35567,2023-05-10,15.0,35.0,MACHO,X,Y,null
35568,2023-05-10,15.0,35.0,MACHO,X,Y,null
35569,2023-05-10,15.0,35.0,MACHO,X,Y,null
35570,2023-05-10,15.0,35.0,HEMBRA,X,X,null
35571,2023-05-10,15.0,35.0,MACHO,X,Y,null
35572,2023-05-10,15.0,35.0,MACHO,X,Y,null
39121,2023-05-10,15.0,35.0,HEMBRA,X,X,null
39122,2023-05-10,15.0,35.0,HEMBRA,X,X,null
39123,2023-05-10,15.0,35.0,MACHO,X,Y,null
39124,2023-05-10,15.0,35.0,HEMBRA,X,X,null
39125,2023-05-10,15.0,35.0,MACHO,X,Y,null
39126,2023-05-10,15.0,35.0,HEMBRA,X,X,null
39127,2023-05-10,15.0,35.0,HEMBRA,X,X,null
39128,2023-05-10,15.0,35.0,HEMBRA,X,X,null
39129,2023-05-10,15.0,35.0,HEMBRA,X,X,null
78253,2023-05-10,15.0,35.0,HEMBRA,X,X,null
78254,2023-05-10,15.0,35.0,MACHO,X,Y,null
78255,2023-05-10,15.0,35.0,MACHO,X,Y,null
78256,2023-05-10,15.0,35.0,HEMBRA,X,X,null
78257,2023-05-10,15.0,35.0,MACHO,X,Y,null
78258,2023-05-10,15.0,35.0,HEMBRA,X,X,null
117382,2023-05-10,15.0,35.0,MACHO,X,Y,null
117383,2023-05-10,15.0,35.0,MACHO,X,Y,null
117384,2023-05-10,15.0,35.0,HEMBRA,X,X,null
117385,2023-05-10,15.0,35.0,MACHO,X,Y,null
117386,2023-05-10,15.0,35.0,MACHO,X,Y,null
156510,2023-05-10,15.0,35.0,MACHO,X,Y,null
156511,2023-05-10,15.0,35.0,MACHO,X,Y,null
195635,2023-05-10,15.0,35.0,MACHO,X,Y,null
195636,2023-05-10,15.0,35.0,HEMBRA,X,X,null
195637,2023-05-10,15.0,35.0,HEMBRA,X,X,null
195638,2023-05-10,15.0,35.0,HEMBRA,X,X,null
195639,2023-05-10,15.0,35.0,MACHO,X,Y,null
195640,2023-05-10,15.0,35.0,MACHO,X,Y,null
234764,2023-05-10,15.0,35.0,HEMBRA,X,X,null
234765,2023-05-10,15.0,35.0,HEMBRA,X,X,null
234766,2023-05-10,15.0,35.0,MACHO,X,Y,null
273890,2023-05-10,15.0,35.0,HEMBRA,X,X,null
273891,2023-05-10,15.0,35.0,MACHO,X,Y,null
273892,2023-05-10,15.0,35.0,MACHO,X,Y,null
273893,2023-05-10,15.0,35.0,HEMBRA,X,X,null
273894,2023-05-10,15.0,35.0,HEMBRA,X,X,null
273895,2023-05-10,15.0,35.0,MACHO,X,Y,null
313019,2023-05-10,15.0,35.0,HEMBRA,X,X,null
313020,2023-05-10,15.0,35.0,MACHO,X,Y,null
313021,2023-05-10,15.0,35.0,MACHO,X,Y,null
313022,2023-05-10,15.0,35.0,MACHO,X,Y,null
313023,2023-05-10,15.0,35.0,MACHO,X,Y,null
313024,2023-05-10,15.0,35.0,HEMBRA,X,X,null
352148,2023-05-10,15.0,35.0,HEMBRA,X,X,null
352149,2023-05-10,15.0,35.0,HEMBRA,X,X,null
352150,2023-05-10,15.0,35.0,MACHO,X,Y,null
391274,2023-05-10,15.0,35.0,HEMBRA,X,X,null
391275,2023-05-10,15.0,35.0,HEMBRA,X,X,null
391276,2023-05-10,15.0,35.0,HEMBRA,X,X,null
391277,2023-05-10,15.0,35.0,MACHO,X,Y,null
391278,2023-05-10,15.0,35.0,MACHO,X,Y,null
430402,2023-05-10,15.0,35.0,HEMBRA,X,X,null
430403,2023-05-10,15.0,35.0,MACHO,X,Y,null
430404,2023-05-10,15.0,35.0,HEMBRA,X,X,null
430405,2023-05-10,15.0,35.0,MACHO,X,Y,null
430406,2023-05-10,15.0,35.0,HEMBRA,X,X,null
430407,2023-05-10,15.0,35.0,HEMBRA,X,X,null
469531,2023-05-10,15.0,35.0,HEMBRA,X,X,null
469532,2023-05-10,15.0,35.0,HEMBRA,X,X,null
508656,2023-05-10,15.0,35.0,HEMBRA,X,X,null
508657,2023-05-10,15.0,35.0,MACHO,X,Y,null
508658,2023-05-10,15.0,35.0,HEMBRA,X,X,null
508659,2023-05-10,15.0,35.0,HEMBRA,X,X,null
508660,2023-05-10,15.0,35.0,HEMBRA,X,X,null
508661,2023-05-10,15.0,35.0,HEMBRA,X,X,null
508662,2023-05-10,15.0,35.0,MACHO,X,Y,null
547786,2023-05-10,15.0,35.0,MACHO,X,Y,null
547787,2023-05-10,15.0,35.0,HEMBRA,X,X,null
547788,2023-05-10,15.0,35.0,MACHO,X,Y,null
547789,2023-05-10,15.0,35.0,HEMBRA,X,X,null
547790,2023-05-10,15.0,35.0,MACHO,X,Y,null
547791,2023-05-10,15.0,35.0,HEMBRA,X,X,null
547792,2023-05-10,15.0,35.0,MACHO,X,Y,null
586916,2023-05-10,15.0,35.0,HEMBRA,X,X,null
586917,2023-05-10,15.0,35.0,HEMBRA,X,X,null
586918,2023-05-10,15.0,35.0,MACHO,X,Y,null
586919,2023-05-10,15.0,35.0,MACHO,X,Y,null
586920,2023-05-10,15.0,35.0,HEMBRA,X,X,null
586921,2023-05-10,15.0,35.0,MACHO,X,Y,null
626045,2023-05-10,15.0,35.0,HEMBRA,X,X,null
626046,2023-05-10,15.0,35.0,HEMBRA,X,X,null
626047,2023-05-10,15.0,35.0,HEMBRA,X,X,null
626048,2023-05-10,15.0,35.0,MACHO,X,Y,null
626049,2023-05-10,15.0,35.0,MACHO,X,Y,null
626050,2023-05-10,15.0,35.0,MACHO,X,Y,null
626051,2023-05-10,15.0,35.0,HEMBRA,X,X,null
665175,2023-05-10,15.0,35.0,HEMBRA,X,X,null
665176,2023-05-10,15.0,35.0,HEMBRA,X,X,null
665177,2023-05-10,15.0,35.0,HEMBRA,X,X,null
665178,2023-05-10,15.0,35.0,HEMBRA,X,X,null
665179,2023-05-10,15.0,35.0,MACHO,X,Y,null
665180,2023-05-10,15.0,35.0,MACHO,X,Y,null
665181,2023-05-10,15.0,35.0,HEMBRA,X,X,null
665182,2023-05-10,15.0,35.0,HEMBRA,X,X,null
704306,2023-05-10,15.0,35.0,MACHO,X,Y,null
704307,2023-05-10,15.0,35.0,MACHO,X,Y,null
704308,2023-05-10,15.0,35.0,MACHO,X,Y,null
704309,2023-05-10,15.0,35.0,HEMBRA,X,X,null
743433,2023-05-10,15.0,35.0,MACHO,X,Ymut,null
743434,2023-05-10,15.0,35.0,MACHO,X,Ymut,null
743435,2023-05-10,15.0,35.0,HEMBRA,X,X,null
743436,2023-05-10,15.0,35.0,HEMBRA,X,X,null
743437,2023-05-10,15.0,35.0,HEMBRA,X,X,null
743438,2023-05-10,15.0,35.0,HEMBRA,X,X,null
743439,2023-05-10,15.0,35.0,MACHO,X,Ymut,null
743440,2023-05-10,15.0,35.0,HEMBRA,X,X,null
743441,2023-05-10,15.0,35.0,HEMBRA,X,X,null
743442,2023-05-10,15.0,35.0,MACHO,X,Ymut,null
743443,2023-05-10,15.0,35.0,HEMBRA,X,X,null
743444,2023-05-10,15.0,35.0,HEMBRA,X,X,null
743445,2023-05-10,15.0,35.0,HEMBRA,X,X,null
743446,2023-05-10,15.0,35.0,MACHO,X,Ymut,null
743447,2023-05-10,15.0,35.0,HEMBRA,X,X,null
743448,2023-05-10,15.0,35.0,HEMBRA,X,X,null
782572,2023-05-10,15.0,35.0,MACHO,X,Ymut,null
782573,2023-05-10,15.0,35.0,MACHO,X,Ymut,null
782574,2023-05-10,15.0,35.0,HEMBRA,X,X,null
782575,2023-05-10,15.0,35.0,MACHO,X,Ymut,null
782576,2023-05-10,15.0,35.0,MACHO,X,Ymut,null
782577,2023-05-10,15.0,35.0,HEMBRA,X,X,null
782578,2023-05-10,15.0,35.0,MACHO,X,Ymut,null
821702,2023-05-10,15.0,35.0,MACHO,X,Ymut,null
821703,2023-05-10,15.0,35.0,HEMBRA,X,X,null
821704,2023-05-10,15.0,35.0,MACHO,X,Ymut,null
821705,2023-05-10,15.0,35.0,HEMBRA,X,X,null
821706,2023-05-10,15.0,35.0,HEMBRA,X,X,null
821707,2023-05-10,15.0,35.0,MACHO,X,Ymut,null
821708,2023-05-10,15.0,35.0,HEMBRA,X,X,null
821709,2023-05-10,15.0,35.0,HEMBRA,X,X,null
821710,2023-05-10,15.0,35.0,MACHO,X,Ymut,null
821711,2023-05-10,15.0,35.0,HEMBRA,X,X,null
821712,2023-05-10,15.0,35.0,MACHO,X,Ymut,null
821713,2023-05-10,15.0,35.0,HEMBRA,X,X,null
821714,2023-05-10,15.0,35.0,HEMBRA,X,X,null
821715,2023-05-10,15.0,35.0,HEMBRA,X,X,null
860839,2023-05-10,15.0,35.0,MACHO,X,Ymut,null
860840,2023-05-10,15.0,35.0,MACHO,X,Ymut,null
860841,2023-05-10,15.0,35.0,MACHO,X,Ymut,null
860842,2023-05-10,15.0,35.0,MACHO,X,Ymut,null
860843,2023-05-10,15.0,35.0,MACHO,X,Ymut,null
860844,2023-05-10,15.0,35.0,HEMBRA,X,X,null
860845,2023-05-10,15.0,35.0,HEMBRA,X,X,null
860846,2023-05-10,15.0,35.0,MACHO,X,Ymut,null
860847,2023-05-10,15.0,35.0,HEMBRA,X,X,null
860848,2023-05-10,15.0,35.0,MACHO,X,Ymut,null
860849,2023-05-10,15.0,35.0,HEMBRA,X,X,null
860850,2023-05-10,15.0,35.0,MACHO,X,Ymut,null
860851,2023-05-10,15.0,35.0,MACHO,X,Ymut,null
860852,2023-05-10,15.0,35.0,MACHO,X,Ymut,null
860853,2023-05-10,15.0,35.0,MACHO,X,Ymut,null
860854,2023-05-10,15.0,35.0,HEMBRA,X,X,null
860855,2023-05-10,15.0,35.0,HEMBRA,X,X,null
860856,2023-05-10,15.0,35.0,MACHO,X,Ymut,null
860857,2023-05-10,15.0,35.0,HEMBRA,X,X,null
860858,2023-05-10,15.0,35.0,MACHO,X,Ymut,null
860859,2023-05-10,15.0,35.0,MACHO,X,Ymut,null
860860,2023-05-10,15.0,35.0,HEMBRA,X,X,null
860861,2023-05-10,15.0,35.0,HEMBRA,X,X,null
860862,2023-05-10,15.0,35.0,MACHO,X,Ymut,null
860863,2023-05-10,15.0,35.0,MACHO,X,Ymut,null
860864,2023-05-10,15.0,35.0,HEMBRA,X,X,null
860865,2023-05-10,15.0,35.0,HEMBRA,X,X,null
860866,2023-05-10,15.0,35.0,HEMBRA,X,X,null
860867,2023-05-10,15.0,35.0,HEMBRA,X,X,null
860868,2023-05-10,15.0,35.0,HEMBRA,X,X,null
860869,2023-05-10,15.0,35.0,MACHO,X,Ymut,null
860870,2023-05-10,15.0,35.0,MACHO,X,Ymut,null
860871,2023-05-10,15.0,35.0,HEMBRA,X,X,null
860872,2023-05-10,15.0,35.0,MACHO,X,Ymut,null
860873,2023-05-10,15.0,35.0,HEMBRA,X,X,null
860874,2023-05-10,15.0,35.0,HEMBRA,X,X,null
899998,2023-05-10,15.0,35.0,MACHO,X,Ymut,null
899999,2023-05-10,15.0,35.0,HEMBRA,X,X,null
900000,2023-05-10,15.0,35.0,MACHO,X,Ymut,null
900001,2023-05-10,15.0,35.0,HEMBRA,X,X,null
900002,2023-05-10,15.0,35.0,HEMBRA,X,X,null
900003,2023-05-10,15.0,35.0,HEMBRA,X,X,null
900004,2023-05-10,15.0,35.0,MACHO,X,Ymut,null
939128,2023-05-10,15.0,35.0,MACHO,X,Ymut,null
939129,2023-05-10,15.0,35.0,MACHO,X,Ymut,null
939130,2023-05-10,15.0,35.0,HEMBRA,X,X,null
939131,2023-05-10,15.0,35.0,MACHO,X,Ymut,null
939132,2023-05-10,15.0,35.0,HEMBRA,X,X,null
939133,2023-05-10,15.0,35.0,HEMBRA,X,X,null
939134,2023-05-10,15.0,35.0,MACHO,X,Ymut,null
978258,2023-05-10,15.0,35.0,MACHO,X,Ymut,null
978259,2023-05-10,15.0,35.0,MACHO,X,Ymut,null
978260,2023-05-10,15.0,35.0,HEMBRA,X,X,null
978261,2023-05-10,15.0,35.0,HEMBRA,X,X,null
978262,2023-05-10,15.0,35.0,MACHO,X,Ymut,null
978263,2023-05-10,15.0,35.0,HEMBRA,X,X,null
978264,2023-05-10,15.0,35.0,MACHO,X,Ymut,null
978265,2023-05-10,15.0,35.0,HEMBRA,X,X,null
978266,2023-05-10,15.0,35.0,HEMBRA,X,X,null
978267,2023-05-10,15.0,35.0,HEMBRA,X,X,null
978268,2023-05-10,15.0,35.0,MACHO,X,Ymut,null
978269,2023-05-10,15.0,35.0,HEMBRA,X,X,null
978270,2023-05-10,15.0,35.0,HEMBRA,X,X,null
978271,2023-05-10,15.0,35.0,MACHO,X,Ymut,null
978272,2023-05-10,15.0,35.0,HEMBRA,X,X,null
978273,2023-05-10,15.0,35.0,MACHO,X,Ymut,null
978274,2023-05-10,15.0,35.0,MACHO,X,Ymut,null
978275,2023-05-10,15.0,35.0,HEMBRA,X,X,null
978276,2023-05-10,15.0,35.0,HEMBRA,X,X,null
1017400,2023-05-10,15.0,35.0,HEMBRA,X,X,null
1017401,2023-05-10,15.0,35.0,MACHO,X,Ymut,null
1017402,2023-05-10,15.0,35.0,HEMBRA,X,X,null
1017403,2023-05-10,15.0,35.0,MACHO,X,Ymut,null
1017404,2023-05-10,15.0,35.0,MACHO,X,Ymut,null
1017405,2023-05-10,15.0,35.0,MACHO,X,Ymut,null
1017406,2023-05-10,15.0,35.0,MACHO,X,Ymut,null
1017407,2023-05-10,15.0,35.0,HEMBRA,X,X,null
1017408,2023-05-10,15.0,35.0,MACHO,X,Ymut,null
1017409,2023-05-10,15.0,35.0,HEMBRA,X,X,null
1017410,2023-05-10,15.0,35.0,MACHO,X,Ymut,null
1056534,2023-05-10,15.0,35.0,HEMBRA,X,X,null
1056535,2023-05-10,15.0,35.0,HEMBRA,X,X,null
1056536,2023-05-10,15.0,35.0,HEMBRA,X,X,null
1056537,2023-05-10,15.0,35.0,MACHO,X,Ymut,null
1056538,2023-05-10,15.0,35.0,MACHO,X,Ymut,null
1056539,2023-05-10,15.0,35.0,MACHO,X,Ymut,null
1095663,2023-05-10,15.0,35.0,HEMBRA,X,X,null
1095664,2023-05-10,15.0,35.0,MACHO,X,Ymut,null
1095665,2023-05-10,15.0,35.0,MACHO,X,Ymut,null
1095666,2023-05-10,15.0,35.0,HEMBRA,X,X,null
1095667,2023-05-10,15.0,35.0,HEMBRA,X,X,null
1095668,2023-05-10,15.0,35.0,HEMBRA,X,X,null
1095669,2023-05-10,15.0,35.0,HEMBRA,X,X,null
1095670,2023-05-10,15.0,35.0,HEMBRA,X,X,null
1095671,2023-05-10,15.0,35.0,MACHO,X,Ymut,null
1095672,2023-05-10,15.0,35.0,HEMBRA,X,X,null
1095673,2023-05-10,15.0,35.0,MACHO,X,Ymut,null
1095674,2023-05-10,15.0,35.0,HEMBRA,X,X,null
1095675,2023-05-10,15.0,35.0,HEMBRA,X,X,null
1095676,2023-05-10,15.0,35.0,MACHO,X,Ymut,null
1134800,2023-05-10,15.0,35.0,MACHO,X,Ymut,null
1134801,2023-05-10,15.0,35.0,MACHO,X,Ymut,null
1134802,2023-05-10,15.0,35.0,MACHO,X,Ymut,null
1134803,2023-05-10,15.0,35.0,MACHO,X,Ymut,null
1134804,2023-05-10,15.0,35.0,HEMBRA,X,X,null
1134805,2023-05-10,15.0,35.0,HEMBRA,X,X,null
1134806,2023-05-10,15.0,35.0,HEMBRA,X,X,null
1134807,2023-05-10,15.0,35.0,MACHO,X,Ymut,null
1134808,2023-05-10,15.0,35.0,MACHO,X,Ymut,null
1134809,2023-05-10,15.0,35.0,HEMBRA,X,X,null
1134810,2023-05-10,15.0,35.0,MACHO,X,Ymut,null
2269615,2023-05-10,15.0,35.0,MACHO,X,Ymut,null
2269616,2023-05-10,15.0,35.0,MACHO,X,Ymut,null
2269617,2023-05-10,15.0,35.0,MACHO,X,Ymut,null
2269618,2023-05-10,15.0,35.0,MACHO,X,Ymut,null
2269619,2023-05-10,15.0,35.0,MACHO,X,Ymut,null
2269620,2023-05-10,15.0,35.0,HEMBRA,X,X,null
2269621,2023-05-10,15.0,35.0,MACHO,X,Ymut,null
2269622,2023-05-10,15.0,35.0,MACHO,X,Ymut,null
3404427,2023-05-10,15.0,35.0,HEMBRA,X,X,null
3404428,2023-05-10,15.0,35.0,HEMBRA,X,X,null
3404429,2023-05-10,15.0,35.0,MACHO,X,Ymut,null
3404430,2023-05-10,15.0,35.0,MACHO,X,Ymut,null
3404431,2023-05-10,15.0,35.0,MACHO,X,Ymut,null
3404432,2023-05-10,15.0,35.0,HEMBRA,X,X,null
3404433,2023-05-10,15.0,35.0,HEMBRA,X,X,null
3404434,2023-05-10,15.0,35.0,MACHO,X,Ymut,null
3404435,2023-05-10,15.0,35.0,MACHO,X,Ymut,null
3404436,2023-05-10,15.0,35.0,HEMBRA,X,X,null
3404437,2023-05-10,15.0,35.0,MACHO,X,Ymut,null
3404438,2023-05-10,15.0,35.0,HEMBRA,X,X,null
3404439,2023-05-10,15.0,35.0,HEMBRA,X,X,null
3404440,2023-05-10,15.0,35.0,HEMBRA,X,X,null
3404441,2023-05-10,15.0,35.0,MACHO,X,Ymut,null
3404442,2023-05-10,15.0,35.0,MACHO,X,Ymut,null
3404443,2023-05-10,15.0,35.0,HEMBRA,X,X,null
3404444,2023-05-10,15.0,35.0,HEMBRA,X,X,null
4539249,2023-05-10,15.0,35.0,MACHO,X,Ymut,null
4539250,2023-05-10,15.0,35.0,MACHO,X,Ymut,null
4539251,2023-05-10,15.0,35.0,MACHO,X,Ymut,null
4539252,2023-05-10,15.0,35.0,HEMBRA,X,X,null
4539253,2023-05-10,15.0,35.0,MACHO,X,Ymut,null
4539254,2023-05-10,15.0,35.0,HEMBRA,X,X,null
4539255,2023-05-10,15.0,35.0,HEMBRA,X,X,null
4539256,2023-05-10,15.0,35.0,MACHO,X,Ymut,null
4539257,2023-05-10,15.0,35.0,MACHO,X,Ymut,null
4539258,2023-05-10,15.0,35.0,MACHO,X,Ymut,null
4539259,2023-05-10,15.0,35.0,HEMBRA,X,X,null
4539260,2023-05-10,15.0,35.0,HEMBRA,X,X,null
4539261,2023-05-10,15.0,35.0,HEMBRA,X,X,null
4539262,2023-05-10,15.0,35.0,MACHO,X,Ymut,null
4539263,2023-05-10,15.0,35.0,MACHO,X,Ymut,null
4539264,2023-05-10,15.0,35.0,MACHO,X,Ymut,null
4539265,2023-05-10,15.0,35.0,HEMBRA,X,X,null
4539266,2023-05-10,15.0,35.0,HEMBRA,X,X,null
4539267,2023-05-10,15.0,35.0,MACHO,X,Ymut,null
4539268,2023-05-10,15.0,35.0,HEMBRA,X,X,null
5674073,2023-05-10,15.0,35.0,MACHO,X,Ymut,null
5674074,2023-05-10,15.0,35.0,HEMBRA,X,X,null
5674075,2023-05-10,15.0,35.0,MACHO,X,Ymut,null
5674076,2023-05-10,15.0,35.0,HEMBRA,X,X,null
5674077,2023-05-10,15.0,35.0,MACHO,X,Ymut,null
5674078,2023-05-10,15.0,35.0,HEMBRA,X,X,null
5674079,2023-05-10,15.0,35.0,HEMBRA,X,X,null
5674080,2023-05-10,15.0,35.0,MACHO,X,Ymut,null
5674081,2023-05-10,15.0,35.0,MACHO,X,Ymut,null
5674082,2023-05-10,15.0,35.0,MACHO,X,Ymut,null
5674083,2023-05-10,15.0,35.0,MACHO,X,Ymut,null
5674084,2023-05-10,15.0,35.0,MACHO,X,Ymut,null
5674085,2023-05-10,15.0,35.0,HEMBRA,X,X,null
5674086,2023-05-10,15.0,35.0,MACHO,X,Ymut,null
5674087,2023-05-10,15.0,35.0,MACHO,X,Ymut,null
5674088,2023-05-10,15.0,35.0,HEMBRA,X,X,null
5674089,2023-05-10,15.0,35.0,MACHO,X,Ymut,null
5674090,2023-05-10,15.0,35.0,MACHO,X,Ymut,null
6808895,2023-05-10,15.0,35.0,HEMBRA,X,X,null
6808896,2023-05-10,15.0,35.0,HEMBRA,X,X,null
6808897,2023-05-10,15.0,35.0,MACHO,X,Ymut,null
6808898,2023-05-10,15.0,35.0,HEMBRA,X,X,null
6808899,2023-05-10,15.0,35.0,HEMBRA,X,X,null
6808900,2023-05-10,15.0,35.0,MACHO,X,Ymut,null
6808901,2023-05-10,15.0,35.0,HEMBRA,X,X,null
6808902,2023-05-10,15.0,35.0,MACHO,X,Ymut,null
7943707,2023-05-10,15.0,35.0,HEMBRA,X,X,null
7943708,2023-05-10,15.0,35.0,MACHO,X,Ymut,null
7943709,2023-05-10,15.0,35.0,HEMBRA,X,X,null
7943710,2023-05-10,15.0,35.0,MACHO,X,Ymut,null
7943711,2023-05-10,15.0,35.0,MACHO,X,Ymut,null
7943712,2023-05-10,15.0,35.0,MACHO,X,Ymut,null
9078517,2023-05-10,15.0,35.0,HEMBRA,X,X,null
9078518,2023-05-10,15.0,35.0,HEMBRA,X,X,null
9078519,2023-05-10,15.0,35.0,HEMBRA,X,X,null
9078520,2023-05-10,15.0,35.0,HEMBRA,X,X,null
9078521,2023-05-10,15.0,35.0,MACHO,X,Ymut,null
10213326,2023-05-10,15.0,35.0,MACHO,X,Ymut,null
10213327,2023-05-10,15.0,35.0,HEMBRA,X,X,null
10213328,2023-05-10,15.0,35.0,MACHO,X,Ymut,null
10213329,2023-05-10,15.0,35.0,HEMBRA,X,X,null
10213330,2023-05-10,15.0,35.0,HEMBRA,X,X,null
10213331,2023-05-10,15.0,35.0,MACHO,X,Ymut,null
10213332,2023-05-10,15.0,35.0,MACHO,X,Ymut,null
10213333,2023-05-10,15.0,35.0,MACHO,X,Ymut,null
10213334,2023-05-10,15.0,35.0,MACHO,X,Ymut,null
10213335,2023-05-10,15.0,35.0,HEMBRA,X,X,null
11348140,2023-05-10,15.0,35.0,MACHO,X,Ymut,null
11348141,2023-05-10,15.0,35.0,HEMBRA,X,X,null
11348142,2023-05-10,15.0,35.0,MACHO,X,Ymut,null
11348143,2023-05-10,15.0,35.0,MACHO,X,Ymut,null
11348144,2023-05-10,15.0,35.0,MACHO,X,Ymut,null
11348145,2023-05-10,15.0,35.0,HEMBRA,X,X,null
11348146,2023-05-10,15.0,35.0,HEMBRA,X,X,null
11348147,2023-05-10,15.0,35.0,MACHO,X,Ymut,null
11348148,2023-05-10,15.0,35.0,MACHO,X,Ymut,null
11348149,2023-05-10,15.0,35.0,HEMBRA,X,X,null
11348150,2023-05-10,15.0,35.0,HEMBRA,X,X,null
11348151,2023-05-10,15.0,35.0,MACHO,X,Ymut,null
11348152,2023-05-10,15.0,35.0,HEMBRA,X,X,null
11348153,2023-05-10,15.0,35.0,HEMBRA,X,X,null
11348154,2023-05-10,15.0,35.0,MACHO,X,Ymut,null
12482959,2023-05-10,15.0,35.0,HEMBRA,X,X,null
12482960,2023-05-10,15.0,35.0,MACHO,X,Ymut,null
12482961,2023-05-10,15.0,35.0,HEMBRA,X,X,null
12482962,2023-05-10,15.0,35.0,MACHO,X,Ymut,null
12482963,2023-05-10,15.0,35.0,MACHO,X,Ymut,null
12482964,2023-05-10,15.0,35.0,HEMBRA,X,X,null
12482965,2023-05-10,15.0,35.0,HEMBRA,X,X,null
12482966,2023-05-10,15.0,35.0,MACHO,X,Ymut,null
13617771,2023-05-10,15.0,35.0,HEMBRA,X,X,null
13617772,2023-05-10,15.0,35.0,MACHO,X,Ymut,null
13617773,2023-05-10,15.0,35.0,HEMBRA,X,X,null
13617774,2023-05-10,15.0,35.0,MACHO,X,Ymut,null
14752579,2023-05-10,15.0,35.0,HEMBRA,X,X,null
14752580,2023-05-10,15.0,35.0,HEMBRA,X,X,null
14752581,2023-05-10,15.0,35.0,MACHO,X,Ymut,null
14752582,2023-05-10,15.0,35.0,MACHO,X,Ymut,null
14752583,2023-05-10,15.0,35.0,MACHO,X,Ymut,null
14752584,2023-05-10,15.0,35.0,MACHO,X,Ymut,null
14752585,2023-05-10,15.0,35.0,MACHO,X,Ymut,null
15887390,2023-05-10,15.0,35.0,MACHO,X,Ymut,null
15887391,2023-05-10,15.0,35.0,MACHO,X,Ymut,null
15887392,2023-05-10,15.0,35.0,MACHO,X,Ymut,null
15887393,2023-05-10,15.0,35.0,MACHO,X,Ymut,null
15887394,2023-05-10,15.0,35.0,HEMBRA,X,X,null
17022199,2023-05-10,15.0,35.0,MACHO,X,Ymut,null
17022200,2023-05-10,15.0,35.0,HEMBRA,X,X,null
17022201,2023-05-10,15.0,35.0,HEMBRA,X,X,null
17022202,2023-05-10,15.0,35.0,MACHO,X,Ymut,null
17022203,2023-05-10,15.0,35.0,HEMBRA,X,X,null
18157008,2023-05-10,15.0,35.0,MACHO,X,Ymut,null
18157009,2023-05-10,15.0,35.0,MACHO,X,Ymut,null
18157010,2023-05-10,15.0,35.0,MACHO,X,Ymut,null
18157011,2023-05-10,15.0,35.0,HEMBRA,X,X,null
18157012,2023-05-10,15.0,35.0,MACHO,X,Ymut,null
18157013,2023-05-10,15.0,35.0,HEMBRA,X,X,null
18157014,2023-05-10,15.0,35.0,MACHO,X,Ymut,null
18157015,2023-05-10,15.0,35.0,MACHO,X,Ymut,null
18157016,2023-05-10,15.0,35.0,HEMBRA,X,X,null
18157017,2023-05-10,15.0,35.0,HEMBRA,X,X,null
19291822,2023-05-10,15.0,35.0,MACHO,X,Ymut,null
19291823,2023-05-10,15.0,35.0,HEMBRA,X,X,null
19291824,2023-05-10,15.0,35.0,HEMBRA,X,X,null
19291825,2023-05-10,15.0,35.0,MACHO,X,Ymut,null
19291826,2023-05-10,15.0,35.0,MACHO,X,Ymut,null
19291827,2023-05-10,15.0,35.0,MACHO,X,Ymut,null
19291828,2023-05-10,15.0,35.0,MACHO,X,Ymut,null
19291829,2023-05-10,15.0,35.0,MACHO,X,Ymut,null
19291830,2023-05-10,15.0,35.0,MACHO,X,Ymut,null
19291831,2023-05-10,15.0,35.0,MACHO,X,Ymut,null
19291832,2023-05-10,15.0,35.0,MACHO,X,Ymut,null
19291833,2023-05-10,15.0,35.0,HEMBRA,X,X,null
19291834,2023-05-10,15.0,35.0,MACHO,X,Ymut,null
20426639,2023-05-10,15.0,35.0,MACHO,X,Ymut,null
20426640,2023-05-10,15.0,35.0,HEMBRA,X,X,null
20426641,2023-05-10,15.0,35.0,MACHO,X,Ymut,null
20426642,2023-05-10,15.0,35.0,MACHO,X,Ymut,null
20426643,2023-05-10,15.0,35.0,HEMBRA,X,X,null
20426644,2023-05-10,15.0,35.0,MACHO,X,Ymut,null
20426645,2023-05-10,15.0,35.0,MACHO,X,Ymut,null
20426646,2023-05-10,15.0,35.0,HEMBRA,X,X,null
20426647,2023-05-10,15.0,35.0,MACHO,X,Ymut,null
20426648,2023-05-10,15.0,35.0,MACHO,X,Ymut,null
20426649,2023-05-10,15.0,35.0,MACHO,X,Ymut,null
20426650,2023-05-10,15.0,35.0,HEMBRA,X,X,null
20426651,2023-05-10,15.0,35.0,MACHO,X,Ymut,null
20426652,2023-05-10,15.0,35.0,MACHO,X,Ymut,null
20426653,2023-05-10,15.0,35.0,HEMBRA,X,X,null
20426654,2023-05-10,15.0,35.0,HEMBRA,X,X,null
20426655,2023-05-10,15.0,35.0,MACHO,X,Ymut,null
20426656,2023-05-10,15.0,35.0,MACHO,X,Ymut,null
20426657,2023-05-10,15.0,35.0,MACHO,X,Ymut,null
20426658,2023-05-10,15.0,35.0,MACHO,X,Ymut,null
21561463,2023-05-10,15.0,35.0,MACHO,X,Ymut,null
21561464,2023-05-10,15.0,35.0,MACHO,X,Ymut,null
21561465,2023-05-10,15.0,35.0,HEMBRA,X,X,null
21561466,2023-05-10,15.0,35.0,MACHO,X,Ymut,null
21561467,2023-05-10,15.0,35.0,MACHO,X,Ymut,null
21561468,2023-05-10,15.0,35.0,HEMBRA,X,X,null
21561469,2023-05-10,15.0,35.0,MACHO,X,Ymut,null
22696274,2023-05-10,15.0,35.0,MACHO,X,Ymut,null
22696275,2023-05-10,15.0,35.0,MACHO,X,Ymut,null
23831080,2023-05-10,15.0,35.0,HEMBRA,X,X,null
23831081,2023-05-10,15.0,35.0,MACHO,X,Ymut,null
23831082,2023-05-10,15.0,35.0,HEMBRA,X,X,null
23831083,2023-05-10,15.0,35.0,MACHO,X,Ymut,null
23831084,2023-05-10,15.0,35.0,MACHO,X,Ymut,null
23831085,2023-05-10,15.0,35.0,HEMBRA,X,X,null
23831086,2023-05-10,15.0,35.0,HEMBRA,X,X,null
24965891,2023-05-10,15.0,35.0,MACHO,X,Ymut,null
24965892,2023-05-10,15.0,35.0,HEMBRA,X,X,null
24965893,2023-05-10,15.0,35.0,HEMBRA,X,X,null
24965894,2023-05-10,15.0,35.0,HEMBRA,X,X,null
24965895,2023-05-10,15.0,35.0,HEMBRA,X,X,null
26100700,2023-05-10,15.0,35.0,MACHO,X,Ymut,null
26100701,2023-05-10,15.0,35.0,HEMBRA,X,X,null
26100702,2023-05-10,15.0,35.0,HEMBRA,X,X,null
27235507,2023-05-10,15.0,35.0,HEMBRA,X,X,null
27235508,2023-05-10,15.0,35.0,HEMBRA,X,X,null
27235509,2023-05-10,15.0,35.0,HEMBRA,X,X,null
27235510,2023-05-10,15.0,35.0,MACHO,X,Ymut,null
28370315,2023-05-10,15.0,35.0,HEMBRA,X,X,null
28370316,2023-05-10,15.0,35.0,MACHO,X,Ymut,null
28370317,2023-05-10,15.0,35.0,HEMBRA,X,X,null
28370318,2023-05-10,15.0,35.0,MACHO,X,Ymut,null
28370319,2023-05-10,15.0,35.0,HEMBRA,X,X,null
29505124,2023-05-10,15.0,35.0,MACHO,X,Ymut,null
29505125,2023-05-10,15.0,35.0,HEMBRA,X,X,null
29505126,2023-05-10,15.0,35.0,MACHO,X,Ymut,null
29505127,2023-05-10,15.0,35.0,MACHO,X,Ymut,null
29505128,2023-05-10,15.0,35.0,HEMBRA,X,X,null
29505129,2023-05-10,15.0,35.0,MACHO,X,Ymut,null
29505130,2023-05-10,15.0,35.0,MACHO,X,Ymut,null
29505131,2023-05-10,15.0,35.0,HEMBRA,X,X,null
29505132,2023-05-10,15.0,35.0,HEMBRA,X,X,null
29505133,2023-05-10,15.0,35.0,MACHO,X,Ymut,null
29505134,2023-05-10,15.0,35.0,HEMBRA,X,X,null
29505135,2023-05-10,15.0,35.0,MACHO,X,Ymut,null
29505136,2023-05-10,15.0,35.0,MACHO,X,Ymut,null
29505137,2023-05-10,15.0,35.0,HEMBRA,X,X,null
29505138,2023-05-10,15.0,35.0,HEMBRA,X,X,null
29505139,2023-05-10,15.0,35.0,HEMBRA,X,X,null
29505140,2023-05-10,15.0,35.0,HEMBRA,X,X,null
29505141,2023-05-10,15.0,35.0,MACHO,X,Ymut,null
30639946,2023-05-10,15.0,35.0,MACHO,X,Ymut,null
30639947,2023-05-10,15.0,35.0,MACHO,X,Ymut,null
30639948,2023-05-10,15.0,35.0,MACHO,X,Ymut,null
30639949,2023-05-10,15.0,35.0,HEMBRA,X,X,null
30639950,2023-05-10,15.0,35.0,MACHO,X,Ymut,null
30639951,2023-05-10,15.0,35.0,MACHO,X,Ymut,null
30639952,2023-05-10,15.0,35.0,HEMBRA,X,X,null
30639953,2023-05-10,15.0,35.0,HEMBRA,X,X,null
30639954,2023-05-10,15.0,35.0,HEMBRA,X,X,null
30639955,2023-05-10,15.0,35.0,HEMBRA,X,X,null
30639956,2023-05-10,15.0,35.0,HEMBRA,X,X,null
30639957,2023-05-10,15.0,35.0,MACHO,X,Ymut,null
30639958,2023-05-10,15.0,35.0,HEMBRA,X,X,null
30639959,2023-05-10,15.0,35.0,HEMBRA,X,X,null
31774764,2023-05-10,15.0,35.0,MACHO,X,Ymut,null
31774765,2023-05-10,15.0,35.0,HEMBRA,X,X,null
31774766,2023-05-10,15.0,35.0,MACHO,X,Ymut,null
31774767,2023-05-10,15.0,35.0,MACHO,X,Ymut,null
31774768,2023-05-10,15.0,35.0,MACHO,X,Ymut,null
31774769,2023-05-10,15.0,35.0,HEMBRA,X,X,null
31774770,2023-05-10,15.0,35.0,MACHO,X,Ymut,null
31774771,2023-05-10,15.0,35.0,MACHO,X,Ymut,null
31774772,2023-05-10,15.0,35.0,HEMBRA,X,X,null
31774773,2023-05-10,15.0,35.0,HEMBRA,X,X,null
32909578,2023-05-10,15.0,35.0,HEMBRA,X,X,null
32909579,2023-05-10,15.0,35.0,MACHO,X,Ymut,null
32909580,2023-05-10,15.0,35.0,MACHO,X,Ymut,null
34044385,2023-05-10,15.0,35.0,MACHO,X,Ymut,null
34044386,2023-05-10,15.0,35.0,MACHO,X,Ymut,null
34044387,2023-05-10,15.0,35.0,HEMBRA,X,X,null
34044388,2023-05-10,15.0,35.0,HEMBRA,X,X,null
34044389,2023-05-10,15.0,35.0,MACHO,X,Ymut,null
34044390,2023-05-10,15.0,35.0,HEMBRA,X,X,null
34044391,2023-05-10,15.0,35.0,HEMBRA,X,X,null
34044392,2023-05-10,15.0,35.0,HEMBRA,X,X,null
34044393,2023-05-10,15.0,35.0,MACHO,X,Ymut,null
34044394,2023-05-10,15.0,35.0,MACHO,X,Ymut,null
34044395,2023-05-10,15.0,35.0,MACHO,X,Ymut,null
34044396,2023-05-10,15.0,35.0,MACHO,X,Ymut,null
34044397,2023-05-10,15.0,35.0,MACHO,X,Ymut,null
34044398,2023-05-10,15.0,35.0,MACHO,X,Ymut,null
35179203,2023-05-10,15.0,35.0,HEMBRA,X,X,null
35179204,2023-05-10,15.0,35.0,HEMBRA,X,X,null
35179205,2023-05-10,15.0,35.0,MACHO,X,Ymut,null
35179206,2023-05-10,15.0,35.0,HEMBRA,X,X,null
35179207,2023-05-10,15.0,35.0,HEMBRA,X,X,null
35179208,2023-05-10,15.0,35.0,HEMBRA,X,X,null
35179209,2023-05-10,15.0,35.0,HEMBRA,X,X,null
35179210,2023-05-10,15.0,35.0,MACHO,X,Ymut,null
35179211,2023-05-10,15.0,35.0,HEMBRA,X,X,null
35179212,2023-05-10,15.0,35.0,HEMBRA,X,X,null
35179213,2023-05-10,15.0,35.0,MACHO,X,Ymut,null
35179214,2023-05-10,15.0,35.0,MACHO,X,Ymut,null
35179215,2023-05-10,15.0,35.0,MACHO,X,Ymut,null
36314020,2023-05-10,15.0,35.0,HEMBRA,X,X,null
36314021,2023-05-10,15.0,35.0,HEMBRA,X,X,null
36314022,2023-05-10,15.0,35.0,MACHO,X,Ymut,null
36314023,2023-05-10,15.0,35.0,MACHO,X,Ymut,null
36314024,2023-05-10,15.0,35.0,HEMBRA,X,X,null
37448829,2023-05-10,15.0,35.0,HEMBRA,X,X,null
37448830,2023-05-10,15.0,35.0,MACHO,X,Ymut,null
37448831,2023-05-10,15.0,35.0,MACHO,X,Ymut,null
37448832,2023-05-10,15.0,35.0,MACHO,X,Ymut,null
37448833,2023-05-10,15.0,35.0,MACHO,X,Ymut,null
37448834,2023-05-10,15.0,35.0,HEMBRA,X,X,null
37448835,2023-05-10,15.0,35.0,HEMBRA,X,X,null
37448836,2023-05-10,15.0,35.0,HEMBRA,X,X,null
37448837,2023-05-10,15.0,35.0,MACHO,X,Ymut,null
37448838,2023-05-10,15.0,35.0,MACHO,X,Ymut,null
38583643,2023-05-10,15.0,35.0,MACHO,X,Ymut,null
38583644,2023-05-10,15.0,35.0,HEMBRA,X,X,null
38583645,2023-05-10,15.0,35.0,MACHO,X,Ymut,null
38583646,2023-05-10,15.0,35.0,MACHO,X,Ymut,null
38583647,2023-05-10,15.0,35.0,MACHO,X,Ymut,null
38583648,2023-05-10,15.0,35.0,MACHO,X,Ymut,null
38583649,2023-05-10,15.0,35.0,MACHO,X,Ymut,null
38583650,2023-05-10,15.0,35.0,MACHO,X,Ymut,null
38583651,2023-05-10,15.0,35.0,HEMBRA,X,X,null
39718456,2023-05-10,15.0,35.0,HEMBRA,X,X,null
39718457,2023-05-10,15.0,35.0,MACHO,X,Ymut,null
39718458,2023-05-10,15.0,35.0,HEMBRA,X,X,null
39718459,2023-05-10,15.0,35.0,HEMBRA,X,X,null
39718460,2023-05-10,15.0,35.0,MACHO,X,Ymut,null
39718461,2023-05-10,15.0,35.0,MACHO,X,Ymut,null
39718462,2023-05-10,15.0,35.0,MACHO,X,Ymut,null
39718463,2023-05-10,15.0,35.0,HEMBRA,X,X,null
39718464,2023-05-10,15.0,35.0,HEMBRA,X,X,null
39718465,2023-05-10,15.0,35.0,HEMBRA,X,X,null
39718466,2023-05-10,15.0,35.0,MACHO,X,Ymut,null
39718467,2023-05-10,15.0,35.0,MACHO,X,Ymut,null
39718468,2023-05-10,15.0,35.0,HEMBRA,X,X,null
40853273,2023-05-10,15.0,35.0,MACHO,X,Ymut,null
40853274,2023-05-10,15.0,35.0,HEMBRA,X,X,null
40853275,2023-05-10,15.0,35.0,HEMBRA,X,X,null
40853276,2023-05-10,15.0,35.0,MACHO,X,Ymut,null
40853277,2023-05-10,15.0,35.0,MACHO,X,Ymut,null
40853278,2023-05-10,15.0,35.0,HEMBRA,X,X,null
40853279,2023-05-10,15.0,35.0,HEMBRA,X,X,null
41988084,2023-05-10,15.0,35.0,MACHO,X,Ymut,null
41988085,2023-05-10,15.0,35.0,HEMBRA,X,X,null
41988086,2023-05-10,15.0,35.0,HEMBRA,X,X,null
41988087,2023-05-10,15.0,35.0,HEMBRA,X,X,null
41988088,2023-05-10,15.0,35.0,HEMBRA,X,X,null
41988089,2023-05-10,15.0,35.0,MACHO,X,Ymut,null
41988090,2023-05-10,15.0,35.0,HEMBRA,X,X,null
41988091,2023-05-10,15.0,35.0,MACHO,X,Ymut,null
41988092,2023-05-10,15.0,35.0,MACHO,X,Ymut,null
41988093,2023-05-10,15.0,35.0,MACHO,X,Ymut,null
41988094,2023-05-10,15.0,35.0,MACHO,X,Ymut,null
41988095,2023-05-10,15.0,35.0,HEMBRA,X,X,null
41988096,2023-05-10,15.0,35.0,HEMBRA,X,X,null
43122901,2023-05-10,15.0,35.0,MACHO,X,Ymut,null
43122902,2023-05-10,15.0,35.0,HEMBRA,X,X,null
43122903,2023-05-10,15.0,35.0,HEMBRA,X,X,null
43122904,2023-05-10,15.0,35.0,MACHO,X,Ymut,null
43122905,2023-05-10,15.0,35.0,MACHO,X,Ymut,null
43122906,2023-05-10,15.0,35.0,MACHO,X,Ymut,null
43122907,2023-05-10,15.0,35.0,HEMBRA,X,X,null
43122908,2023-05-10,15.0,35.0,MACHO,X,Ymut,null
43122909,2023-05-10,15.0,35.0,MACHO,X,Ymut,null
43122910,2023-05-10,15.0,35.0,MACHO,X,Ymut,null
43122911,2023-05-10,15.0,35.0,MACHO,X,Ymut,null
43122912,2023-05-10,15.0,35.0,HEMBRA,X,X,null
43122913,2023-05-10,15.0,35.0,MACHO,X,Ymut,null
43122914,2023-05-10,15.0,35.0,HEMBRA,X,X,null
43122915,2023-05-10,15.0,35.0,HEMBRA,X,X,null
43122916,2023-05-10,15.0,35.0,HEMBRA,X,X,null
43122917,2023-05-10,15.0,35.0,HEMBRA,X,X,null
43122918,2023-05-10,15.0,35.0,MACHO,X,Ymut,null
44257723,2023-05-10,15.0,35.0,MACHO,X,Ymut,null
44257724,2023-05-10,15.0,35.0,MACHO,X,Ymut,null
44257725,2023-05-10,15.0,35.0,HEMBRA,X,X,null
44257726,2023-05-10,15.0,35.0,MACHO,X,Ymut,null
44257727,2023-05-10,15.0,35.0,MACHO,X,Ymut,null
44257728,2023-05-10,15.0,35.0,HEMBRA,X,X,null
44257729,2023-05-10,15.0,35.0,MACHO,X,Ymut,null
45392534,2023-05-10,15.0,35.0,MACHO,X,Ymut,null
45392535,2023-05-10,15.0,35.0,HEMBRA,X,X,null
45392536,2023-05-10,15.0,35.0,HEMBRA,X,X,null
45392537,2023-05-10,15.0,35.0,MACHO,X,Ymut,null
45392538,2023-05-10,15.0,35.0,MACHO,X,Ymut,null
45392539,2023-05-10,15.0,35.0,HEMBRA,X,X,null
45392540,2023-05-10,15.0,35.0,MACHO,X,Ymut,null
45392541,2023-05-10,15.0,35.0,HEMBRA,X,X,null
45392542,2023-05-10,15.0,35.0,HEMBRA,X,X,null
45392543,2023-05-10,15.0,35.0,MACHO,X,Ymut,null
45392544,2023-05-10,15.0,35.0,HEMBRA,X,X,null
45392545,2023-05-10,15.0,35.0,HEMBRA,X,X,null
45392546,2023-05-10,15.0,35.0,MACHO,X,Ymut,null
45392547,2023-05-10,15.0,35.0,MACHO,X,Ymut,null
45392548,2023-05-10,15.0,35.0,MACHO,X,Ymut,null
46527353,2023-05-10,15.0,35.0,MACHO,X,Ymut,null
46527354,2023-05-10,15.0,35.0,MACHO,X,Ymut,null
46527355,2023-05-10,15.0,35.0,HEMBRA,X,X,null
46527356,2023-05-10,15.0,35.0,HEMBRA,X,X,null
46527357,2023-05-10,15.0,35.0,MACHO,X,Ymut,null
46527358,2023-05-10,15.0,35.0,MACHO,X,Ymut,null
46527359,2023-05-10,15.0,35.0,HEMBRA,X,X,null
46527360,2023-05-10,15.0,35.0,MACHO,X,Ymut,null
46527361,2023-05-10,15.0,35.0,HEMBRA,X,X,null
46527362,2023-05-10,15.0,35.0,HEMBRA,X,X,null
46527363,2023-05-10,15.0,35.0,HEMBRA,X,X,null
46527364,2023-05-10,15.0,35.0,HEMBRA,X,X,null
46527365,2023-05-10,15.0,35.0,HEMBRA,X,X,null
46527366,2023-05-10,15.0,35.0,HEMBRA,X,X,null
46527367,2023-05-10,15.0,35.0,HEMBRA,X,X,null
47662172,2023-05-10,15.0,35.0,MACHO,X,Ymut,null
47662173,2023-05-10,15.0,35.0,MACHO,X,Ymut,null
47662174,2023-05-10,15.0,35.0,HEMBRA,X,X,null
47662175,2023-05-10,15.0,35.0,HEMBRA,X,X,null
47662176,2023-05-10,15.0,35.0,HEMBRA,X,X,null
47662177,2023-05-10,15.0,35.0,MACHO,X,Ymut,null
48796982,2023-05-10,15.0,35.0,MACHO,X,Ymut,null
48796983,2023-05-10,15.0,35.0,MACHO,X,Ymut,null
48796984,2023-05-10,15.0,35.0,MACHO,X,Ymut,null
48796985,2023-05-10,15.0,35.0,MACHO,X,Ymut,null
48796986,2023-05-10,15.0,35.0,MACHO,X,Ymut,null
49931791,2023-05-10,15.0,35.0,HEMBRA,X,X,null
49931792,2023-05-10,15.0,35.0,HEMBRA,X,X,null
51066597,2023-05-10,15.0,35.0,HEMBRA,X,X,null
51066598,2023-05-10,15.0,35.0,MACHO,X,Ymut,null
51066599,2023-05-10,15.0,35.0,MACHO,X,Ymut,null
52201404,2023-05-10,15.0,35.0,HEMBRA,X,X,null
52201405,2023-05-10,15.0,35.0,MACHO,X,Ymut,null
52201406,2023-05-10,15.0,35.0,MACHO,X,Ymut,null
52201407,2023-05-10,15.0,35.0,MACHO,X,Ymut,null
52201408,2023-05-10,15.0,35.0,MACHO,X,Ymut,null
53336213,2023-05-10,15.0,35.0,HEMBRA,X,X,null
53336214,2023-05-10,15.0,35.0,MACHO,X,Ymut,null
53336215,2023-05-10,15.0,35.0,HEMBRA,X,X,null
53336216,2023-05-10,15.0,35.0,MACHO,X,Ymut,null
53336217,2023-05-10,15.0,35.0,MACHO,X,Ymut,null
53336218,2023-05-10,15.0,35.0,MACHO,X,Ymut,null
53336219,2023-05-10,15.0,35.0,MACHO,X,Ymut,null
53336220,2023-05-10,15.0,35.0,HEMBRA,X,X,null
53336221,2023-05-10,15.0,35.0,HEMBRA,X,X,null
53336222,2023-05-10,15.0,35.0,MACHO,X,Ymut,null
53336223,2023-05-10,15.0,35.0,MACHO,X,Ymut,null
53336224,2023-05-10,15.0,35.0,MACHO,X,Ymut,null
53336225,2023-05-10,15.0,35.0,MACHO,X,Ymut,null
53336226,2023-05-10,15.0,35.0,MACHO,X,Ymut,null
53336227,2023-05-10,15.0,35.0,MACHO,X,Ymut,null
53336228,2023-05-10,15.0,35.0,MACHO,X,Ymut,null
53336229,2023-05-10,15.0,35.0,MACHO,X,Ymut,null
53336230,2023-05-10,15.0,35.0,MACHO,X,Ymut,null
53336231,2023-05-10,15.0,35.0,MACHO,X,Ymut,null
53336232,2023-05-10,15.0,35.0,HEMBRA,X,X,null
53336233,2023-05-10,15.0,35.0,HEMBRA,X,X,null
53336234,2023-05-10,15.0,35.0,HEMBRA,X,X,null
53336235,2023-05-10,15.0,35.0,HEMBRA,X,X,null
53336236,2023-05-10,15.0,35.0,HEMBRA,X,X,null
53336237,2023-05-10,15.0,35.0,MACHO,X,Ymut,null
54471042,2023-05-10,15.0,35.0,HEMBRA,X,X,null
54471043,2023-05-10,15.0,35.0,HEMBRA,X,X,null
54471044,2023-05-10,15.0,35.0,HEMBRA,X,X,null
54471045,2023-05-10,15.0,35.0,MACHO,X,Ymut,null
54471046,2023-05-10,15.0,35.0,MACHO,X,Ymut,null
54471047,2023-05-10,15.0,35.0,MACHO,X,Ymut,null
54471048,2023-05-10,15.0,35.0,HEMBRA,X,X,null
55605853,2023-05-10,15.0,35.0,MACHO,X,Ymut,null
55605854,2023-05-10,15.0,35.0,HEMBRA,X,X,null
55605855,2023-05-10,15.0,35.0,MACHO,X,Ymut,null
55605856,2023-05-10,15.0,35.0,HEMBRA,X,X,null
56740661,2023-05-10,15.0,35.0,MACHO,X,Ymut,null
56740662,2023-05-10,15.0,35.0,HEMBRA,X,X,null
56740663,2023-05-10,15.0,35.0,HEMBRA,X,X,null
56740664,2023-05-10,15.0,35.0,HEMBRA,X,X,null
56740665,2023-05-10,15.0,35.0,HEMBRA,X,X,null
56740666,2023-05-10,15.0,35.0,HEMBRA,X,X,null
56740667,2023-05-10,15.0,35.0,MACHO,X,Ymut,null
57875472,2023-05-10,15.0,35.0,HEMBRA,X,X,null
57875473,2023-05-10,15.0,35.0,HEMBRA,X,X,null
57875474,2023-05-10,15.0,35.0,MACHO,X,Ymut,null
57875475,2023-05-10,15.0,35.0,HEMBRA,X,X,null
59010280,2023-05-10,15.0,35.0,MACHO,X,Ymut,null
59010281,2023-05-10,15.0,35.0,HEMBRA,X,X,null
59010282,2023-05-10,15.0,35.0,HEMBRA,X,X,null
59010283,2023-05-10,15.0,35.0,HEMBRA,X,X,null
59010284,2023-05-10,15.0,35.0,MACHO,X,Ymut,null
59010285,2023-05-10,15.0,35.0,HEMBRA,X,X,null
59010286,2023-05-10,15.0,35.0,HEMBRA,X,X,null
60145091,2023-05-10,15.0,35.0,HEMBRA,X,X,null
60145092,2023-05-10,15.0,35.0,MACHO,X,Ymut,null
60145093,2023-05-10,15.0,35.0,HEMBRA,X,X,null
60145094,2023-05-10,15.0,35.0,MACHO,X,Ymut,null
61279899,2023-05-10,15.0,35.0,MACHO,X,Ymut,null
61279900,2023-05-10,15.0,35.0,HEMBRA,X,X,null
61279901,2023-05-10,15.0,35.0,HEMBRA,X,X,null
61279902,2023-05-10,15.0,35.0,MACHO,X,Ymut,null
61279903,2023-05-10,15.0,35.0,MACHO,X,Ymut,null
61279904,2023-05-10,15.0,35.0,MACHO,X,Ymut,null
61279905,2023-05-10,15.0,35.0,HEMBRA,X,X,null
61279906,2023-05-10,15.0,35.0,MACHO,X,Ymut,null
62414711,2023-05-10,15.0,35.0,MACHO,X,Ymut,null
62414712,2023-05-10,15.0,35.0,MACHO,X,Ymut,null
62414713,2023-05-10,15.0,35.0,MACHO,X,Ymut,null
62414714,2023-05-10,15.0,35.0,HEMBRA,X,X,null
62414715,2023-05-10,15.0,35.0,MACHO,X,Ymut,null
62414716,2023-05-10,15.0,35.0,HEMBRA,X,X,null
62414717,2023-05-10,15.0,35.0,HEMBRA,X,X,null
62414718,2023-05-10,15.0,35.0,MACHO,X,Ymut,null
62414719,2023-05-10,15.0,35.0,MACHO,X,Ymut,null
62414720,2023-05-10,15.0,35.0,HEMBRA,X,X,null
62414721,2023-05-10,15.0,35.0,HEMBRA,X,X,null
62414722,2023-05-10,15.0,35.0,MACHO,X,Ymut,null
62414723,2023-05-10,15.0,35.0,MACHO,X,Ymut,null
62414724,2023-05-10,15.0,35.0,HEMBRA,X,X,null
62414725,2023-05-10,15.0,35.0,MACHO,X,Ymut,null
62414726,2023-05-10,15.0,35.0,HEMBRA,X,X,null
62414727,2023-05-10,15.0,35.0,MACHO,X,Ymut,null
62414728,2023-05-10,15.0,35.0,HEMBRA,X,X,null
62414729,2023-05-10,15.0,35.0,MACHO,X,Ymut,null
62414730,2023-05-10,15.0,35.0,MACHO,X,Ymut,null
62414731,2023-05-10,15.0,35.0,HEMBRA,X,X,null
62414732,2023-05-10,15.0,35.0,HEMBRA,X,X,null
62414733,2023-05-10,15.0,35.0,MACHO,X,Ymut,null
63549538,2023-05-10,15.0,35.0,MACHO,X,Ymut,null
63549539,2023-05-10,15.0,35.0,MACHO,X,Ymut,null
63549540,2023-05-10,15.0,35.0,MACHO,X,Ymut,null
63549541,2023-05-10,15.0,35.0,HEMBRA,X,X,null
63549542,2023-05-10,15.0,35.0,HEMBRA,X,X,null
64684347,2023-05-10,15.0,35.0,HEMBRA,X,X,null
64684348,2023-05-10,15.0,35.0,HEMBRA,X,X,null
64684349,2023-05-10,15.0,35.0,HEMBRA,X,X,null
65819154,2023-05-10,15.0,35.0,MACHO,X,Ymut,null
65819155,2023-05-10,15.0,35.0,MACHO,X,Ymut,null
65819156,2023-05-10,15.0,35.0,MACHO,X,Ymut,null
65819157,2023-05-10,15.0,35.0,MACHO,X,Ymut,null
65819158,2023-05-10,15.0,35.0,HEMBRA,X,X,null
65819159,2023-05-10,15.0,35.0,MACHO,X,Ymut,null
65819160,2023-05-10,15.0,35.0,HEMBRA,X,X,null
65819161,2023-05-10,15.0,35.0,MACHO,X,Ymut,null
65819162,2023-05-10,15.0,35.0,MACHO,X,Ymut,null
65819163,2023-05-10,15.0,35.0,MACHO,X,Ymut,null
65819164,2023-05-10,15.0,35.0,HEMBRA,X,X,null
65819165,2023-05-10,15.0,35.0,MACHO,X,Ymut,null
65819166,2023-05-10,15.0,35.0,HEMBRA,X,X,null
65819167,2023-05-10,15.0,35.0,MACHO,X,Ymut,null
65819168,2023-05-10,15.0,35.0,MACHO,X,Ymut,null
65819169,2023-05-10,15.0,35.0,MACHO,X,Ymut,null
65819170,2023-05-10,15.0,35.0,HEMBRA,X,X,null
65819171,2023-05-10,15.0,35.0,HEMBRA,X,X,null
65819172,2023-05-10,15.0,35.0,MACHO,X,Ymut,null
66953977,2023-05-10,15.0,35.0,HEMBRA,X,X,null
66953978,2023-05-10,15.0,35.0,MACHO,X,Ymut,null
66953979,2023-05-10,15.0,35.0,HEMBRA,X,X,null
66953980,2023-05-10,15.0,35.0,HEMBRA,X,X,null
66953981,2023-05-10,15.0,35.0,MACHO,X,Ymut,null
66953982,2023-05-10,15.0,35.0,HEMBRA,X,X,null
66953983,2023-05-10,15.0,35.0,MACHO,X,Ymut,null
68088788,2023-05-10,15.0,35.0,HEMBRA,X,X,null
68088789,2023-05-10,15.0,35.0,MACHO,X,Ymut,null
68088790,2023-05-10,15.0,35.0,HEMBRA,X,X,null
68088791,2023-05-10,15.0,35.0,MACHO,X,Ymut,null
68088792,2023-05-10,15.0,35.0,MACHO,X,Ymut,null
68088793,2023-05-10,15.0,35.0,MACHO,X,Ymut,null
68088794,2023-05-10,15.0,35.0,HEMBRA,X,X,null
68088795,2023-05-10,15.0,35.0,HEMBRA,X,X,null
68088796,2023-05-10,15.0,35.0,MACHO,X,Ymut,null
68088797,2023-05-10,15.0,35.0,MACHO,X,Ymut,null
68088798,2023-05-10,15.0,35.0,MACHO,X,Ymut,null
68088799,2023-05-10,15.0,35.0,MACHO,X,Ymut,null
68088800,2023-05-10,15.0,35.0,HEMBRA,X,X,null
68088801,2023-05-10,15.0,35.0,HEMBRA,X,X,null
68088802,2023-05-10,15.0,35.0,HEMBRA,X,X,null
68088803,2023-05-10,15.0,35.0,HEMBRA,X,X,null
69223608,2023-05-10,15.0,35.0,MACHO,X,Ymut,null
69223609,2023-05-10,15.0,35.0,MACHO,X,Ymut,null
69223610,2023-05-10,15.0,35.0,MACHO,X,Ymut,null
69223611,2023-05-10,15.0,35.0,MACHO,X,Ymut,null
69223612,2023-05-10,15.0,35.0,MACHO,X,Ymut,null
70358417,2023-05-10,15.0,35.0,MACHO,X,Ymut,null
70358418,2023-05-10,15.0,35.0,HEMBRA,X,X,null
70358419,2023-05-10,15.0,35.0,HEMBRA,X,X,null
70358420,2023-05-10,15.0,35.0,MACHO,X,Ymut,null
71493225,2023-05-10,15.0,35.0,HEMBRA,X,X,null
71493226,2023-05-10,15.0,35.0,MACHO,X,Ymut,null
71493227,2023-05-10,15.0,35.0,HEMBRA,X,X,null
72628032,2023-05-10,15.0,35.0,HEMBRA,X,X,null
72628033,2023-05-10,15.0,35.0,HEMBRA,X,X,null
72628034,2023-05-10,15.0,35.0,HEMBRA,X,X,null
73762839,2023-05-10,15.0,35.0,HEMBRA,X,X,null
73762840,2023-05-10,15.0,35.0,HEMBRA,X,X,null
73762841,2023-05-10,15.0,35.0,MACHO,X,Ymut,null
73762842,2023-05-10,15.0,35.0,HEMBRA,X,X,null
73762843,2023-05-10,15.0,35.0,HEMBRA,X,X,null
73762844,2023-05-10,15.0,35.0,HEMBRA,X,X,null
73762845,2023-05-10,15.0,35.0,MACHO,X,Ymut,null
73762846,2023-05-10,15.0,35.0,MACHO,X,Ymut,null
73762847,2023-05-10,15.0,35.0,MACHO,X,Ymut,null
73762848,2023-05-10,15.0,35.0,MACHO,X,Ymut,null
73762849,2023-05-10,15.0,35.0,HEMBRA,X,X,null
73762850,2023-05-10,15.0,35.0,MACHO,X,Ymut,null
73762851,2023-05-10,15.0,35.0,MACHO,X,Ymut,null
74897656,2023-05-10,15.0,35.0,MACHO,X,Ymut,null
74897657,2023-05-10,15.0,35.0,HEMBRA,X,X,null
74897658,2023-05-10,15.0,35.0,HEMBRA,X,X,null
74897659,2023-05-10,15.0,35.0,HEMBRA,X,X,null
74897660,2023-05-10,15.0,35.0,HEMBRA,X,X,null
74897661,2023-05-10,15.0,35.0,HEMBRA,X,X,null
76032466,2023-05-10,15.0,35.0,MACHO,X,Ymut,null
76032467,2023-05-10,15.0,35.0,HEMBRA,X,X,null
76032468,2023-05-10,15.0,35.0,MACHO,X,Ymut,null
76032469,2023-05-10,15.0,35.0,MACHO,X,Ymut,null
76032470,2023-05-10,15.0,35.0,HEMBRA,X,X,null
76032471,2023-05-10,15.0,35.0,MACHO,X,Ymut,null
76032472,2023-05-10,15.0,35.0,MACHO,X,Ymut,null
76032473,2023-05-10,15.0,35.0,HEMBRA,X,X,null
76032474,2023-05-10,15.0,35.0,MACHO,X,Ymut,null
76032475,2023-05-10,15.0,35.0,MACHO,X,Ymut,null
76032476,2023-05-10,15.0,35.0,MACHO,X,Ymut,null
76032477,2023-05-10,15.0,35.0,HEMBRA,X,X,null
76032478,2023-05-10,15.0,35.0,HEMBRA,X,X,null
76032479,2023-05-10,15.0,35.0,MACHO,X,Ymut,null
76032480,2023-05-10,15.0,35.0,HEMBRA,X,X,null
76032481,2023-05-10,15.0,35.0,MACHO,X,Ymut,null
76032482,2023-05-10,15.0,35.0,HEMBRA,X,X,null
76032483,2023-05-10,15.0,35.0,HEMBRA,X,X,null
76032484,2023-05-10,15.0,35.0,HEMBRA,X,X,null
76032485,2023-05-10,15.0,35.0,HEMBRA,X,X,null
76032486,2023-05-10,15.0,35.0,HEMBRA,X,X,null
77167291,2023-05-10,15.0,35.0,HEMBRA,X,X,null
77167292,2023-05-10,15.0,35.0,HEMBRA,X,X,null
77167293,2023-05-10,15.0,35.0,HEMBRA,X,X,null
77167294,2023-05-10,15.0,35.0,HEMBRA,X,X,null
77167295,2023-05-10,15.0,35.0,HEMBRA,X,X,null
77167296,2023-05-10,15.0,35.0,MACHO,X,Ymut,null
77167297,2023-05-10,15.0,35.0,HEMBRA,X,X,null
78302102,2023-05-10,15.0,35.0,HEMBRA,X,X,null
78302103,2023-05-10,15.0,35.0,MACHO,X,Y,null
78302104,2023-05-10,15.0,35.0,HEMBRA,X,X,null
79436909,2023-05-10,15.0,35.0,HEMBRA,X,X,null
79436910,2023-05-10,15.0,35.0,HEMBRA,X,X,null
79436911,2023-05-10,15.0,35.0,MACHO,X,Y,null
79436912,2023-05-10,15.0,35.0,MACHO,X,Y,null
79436913,2023-05-10,15.0,35.0,HEMBRA,X,X,null
79436914,2023-05-10,15.0,35.0,HEMBRA,X,X,null
79436915,2023-05-10,15.0,35.0,HEMBRA,X,X,null
79436916,2023-05-10,15.0,35.0,HEMBRA,X,X,null
80571721,2023-05-10,15.0,35.0,HEMBRA,X,X,null
80571722,2023-05-10,15.0,35.0,MACHO,X,Y,null
80571723,2023-05-10,15.0,35.0,HEMBRA,X,X,null
80571724,2023-05-10,15.0,35.0,MACHO,X,Y,null
81706529,2023-05-10,15.0,35.0,HEMBRA,X,X,null
81706530,2023-05-10,15.0,35.0,HEMBRA,X,X,null
81706531,2023-05-10,15.0,35.0,MACHO,X,Y,null
81706532,2023-05-10,15.0,35.0,MACHO,X,Y,null
81706533,2023-05-10,15.0,35.0,MACHO,X,Y,null
81706534,2023-05-10,15.0,35.0,HEMBRA,X,X,null
81706535,2023-05-10,15.0,35.0,HEMBRA,X,X,null
81706536,2023-05-10,15.0,35.0,HEMBRA,X,X,null
82841341,2023-05-10,15.0,35.0,MACHO,X,Y,null
82841342,2023-05-10,15.0,35.0,MACHO,X,Y,null
82841343,2023-05-10,15.0,35.0,HEMBRA,X,X,null
82841344,2023-05-10,15.0,35.0,HEMBRA,X,X,null
82841345,2023-05-10,15.0,35.0,MACHO,X,Y,null
82841346,2023-05-10,15.0,35.0,HEMBRA,X,X,null
82841347,2023-05-10,15.0,35.0,MACHO,X,Y,null
83976152,2023-05-10,15.0,35.0,MACHO,X,Y,null
83976153,2023-05-10,15.0,35.0,HEMBRA,X,X,null
83976154,2023-05-10,15.0,35.0,MACHO,X,Y,null
83976155,2023-05-10,15.0,35.0,MACHO,X,Y,null
85110960,2023-05-10,15.0,35.0,HEMBRA,X,X,null
85110961,2023-05-10,15.0,35.0,MACHO,X,Y,null
85110962,2023-05-10,15.0,35.0,HEMBRA,X,X,null
85110963,2023-05-10,15.0,35.0,HEMBRA,X,X,null
85110964,2023-05-10,15.0,35.0,MACHO,X,Y,null
85110965,2023-05-10,15.0,35.0,HEMBRA,X,X,null
85110966,2023-05-10,15.0,35.0,HEMBRA,X,X,null
85110967,2023-05-10,15.0,35.0,MACHO,X,Y,null
86245772,2023-05-10,15.0,35.0,HEMBRA,X,X,null
86245773,2023-05-10,15.0,35.0,MACHO,X,Y,null
86245774,2023-05-10,15.0,35.0,MACHO,X,Y,null
86245775,2023-05-10,15.0,35.0,HEMBRA,X,X,null
86245776,2023-05-10,15.0,35.0,MACHO,X,Y,null
86245777,2023-05-10,15.0,35.0,HEMBRA,X,X,null
86245778,2023-05-10,15.0,35.0,HEMBRA,X,X,null
87380583,2023-05-10,15.0,35.0,HEMBRA,X,X,null
87380584,2023-05-10,15.0,35.0,MACHO,X,Y,null
88515389,2023-05-10,15.0,35.0,HEMBRA,X,X,null
88515390,2023-05-10,15.0,35.0,HEMBRA,X,X,null
88515391,2023-05-10,15.0,35.0,HEMBRA,X,X,null
88515392,2023-05-10,15.0,35.0,HEMBRA,X,X,null
88515393,2023-05-10,15.0,35.0,MACHO,X,Y,null
89650198,2023-05-10,15.0,35.0,MACHO,X,Y,null
89650199,2023-05-10,15.0,35.0,HEMBRA,X,X,null
89650200,2023-05-10,15.0,35.0,HEMBRA,X,X,null
89650201,2023-05-10,15.0,35.0,MACHO,X,Y,null
89650202,2023-05-10,15.0,35.0,HEMBRA,X,X,null
90785007,2023-05-10,15.0,35.0,HEMBRA,X,X,null
90785008,2023-05-10,15.0,35.0,HEMBRA,X,X,null
90785009,2023-05-10,15.0,35.0,HEMBRA,X,X,null
90785010,2023-05-10,15.0,35.0,HEMBRA,X,X,null
91919815,2023-05-10,15.0,35.0,HEMBRA,X,X,null
91919816,2023-05-10,15.0,35.0,HEMBRA,X,X,null
91919817,2023-05-10,15.0,35.0,HEMBRA,X,X,null
93054622,2023-05-10,15.0,35.0,HEMBRA,X,X,null
93054623,2023-05-10,15.0,35.0,MACHO,X,Y,null
93054624,2023-05-10,15.0,35.0,HEMBRA,X,X,null
93054625,2023-05-10,15.0,35.0,MACHO,X,Y,null
94189430,2023-05-10,15.0,35.0,MACHO,X,Y,null
94189431,2023-05-10,15.0,35.0,MACHO,X,Y,null
94189432,2023-05-10,15.0,35.0,HEMBRA,X,X,null
94189433,2023-05-10,15.0,35.0,HEMBRA,X,X,null
94189434,2023-05-10,15.0,35.0,HEMBRA,X,X,null
94189435,2023-05-10,15.0,35.0,MACHO,X,Y,null
94189436,2023-05-10,15.0,35.0,HEMBRA,X,X,null
94189437,2023-05-10,15.0,35.0,HEMBRA,X,X,null
95324242,2023-05-10,15.0,35.0,HEMBRA,X,X,null
95324243,2023-05-10,15.0,35.0,HEMBRA,X,X,null
95324244,2023-05-10,15.0,35.0,MACHO,X,Y,null
96459049,2023-05-10,15.0,35.0,HEMBRA,X,X,null
96459050,2023-05-10,15.0,35.0,MACHO,X,Y,null
96459051,2023-05-10,15.0,35.0,HEMBRA,X,X,null
96459052,2023-05-10,15.0,35.0,HEMBRA,X,X,null
96459053,2023-05-10,15.0,35.0,MACHO,X,Y,null
96459054,2023-05-10,15.0,35.0,HEMBRA,X,X,null
96459055,2023-05-10,15.0,35.0,HEMBRA,X,X,null
97593860,2023-05-10,15.0,35.0,MACHO,X,Y,null
97593861,2023-05-10,15.0,35.0,MACHO,X,Y,null
97593862,2023-05-10,15.0,35.0,MACHO,X,Y,null
97593863,2023-05-10,15.0,35.0,HEMBRA,X,X,null
97593864,2023-05-10,15.0,35.0,MACHO,X,Y,null
98728669,2023-05-10,15.0,35.0,HEMBRA,X,X,null
98728670,2023-05-10,15.0,35.0,MACHO,X,Y,null
98728671,2023-05-10,15.0,35.0,MACHO,X,Y,null
98728672,2023-05-10,15.0,35.0,HEMBRA,X,X,null
98728673,2023-05-10,15.0,35.0,HEMBRA,X,X,null
99863478,2023-05-10,15.0,35.0,MACHO,X,Y,null
99863479,2023-05-10,15.0,35.0,HEMBRA,X,X,null
99863480,2023-05-10,15.0,35.0,MACHO,X,Y,null
99863481,2023-05-10,15.0,35.0,HEMBRA,X,X,null
99863482,2023-05-10,15.0,35.0,HEMBRA,X,X,null
99863483,2023-05-10,15.0,35.0,HEMBRA,X,X,null
99863484,2023-05-10,15.0,35.0,HEMBRA,X,X,null
100998289,2023-05-10,15.0,35.0,MACHO,X,Y,null
100998290,2023-05-10,15.0,35.0,MACHO,X,Y,null
102133095,2023-05-10,15.0,35.0,MACHO,X,Y,null
102133096,2023-05-10,15.0,35.0,HEMBRA,X,X,null
102133097,2023-05-10,15.0,35.0,HEMBRA,X,X,null
102133098,2023-05-10,15.0,35.0,MACHO,X,Y,null
102133099,2023-05-10,15.0,35.0,HEMBRA,X,X,null
103267904,2023-05-10,15.0,35.0,MACHO,X,Y,null
103267905,2023-05-10,15.0,35.0,HEMBRA,X,X,null
103267906,2023-05-10,15.0,35.0,HEMBRA,X,X,null
103267907,2023-05-10,15.0,35.0,HEMBRA,X,X,null
103267908,2023-05-10,15.0,35.0,HEMBRA,X,X,null
104402713,2023-05-10,15.0,35.0,HEMBRA,X,X,null
104402714,2023-05-10,15.0,35.0,HEMBRA,X,X,null
104402715,2023-05-10,15.0,35.0,HEMBRA,X,X,null
104402716,2023-05-10,15.0,35.0,HEMBRA,X,X,null
104402717,2023-05-10,15.0,35.0,HEMBRA,X,X,null
104402718,2023-05-10,15.0,35.0,HEMBRA,X,X,null
105537523,2023-05-10,15.0,35.0,HEMBRA,X,X,null
105537524,2023-05-10,15.0,35.0,MACHO,X,Y,null
105537525,2023-05-10,15.0,35.0,MACHO,X,Y,null
105537526,2023-05-10,15.0,35.0,HEMBRA,X,X,null
105537527,2023-05-10,15.0,35.0,HEMBRA,X,X,null
106672332,2023-05-10,15.0,35.0,MACHO,X,Y,null
106672333,2023-05-10,15.0,35.0,MACHO,X,Y,null
106672334,2023-05-10,15.0,35.0,HEMBRA,X,X,null
107807139,2023-05-10,15.0,35.0,MACHO,X,Y,null
107807140,2023-05-10,15.0,35.0,MACHO,X,Y,null
107807141,2023-05-10,15.0,35.0,MACHO,X,Y,null
107807142,2023-05-10,15.0,35.0,MACHO,X,Y,null
108941947,2023-05-10,15.0,35.0,HEMBRA,X,X,null
108941948,2023-05-10,15.0,35.0,MACHO,X,Y,null
108941949,2023-05-10,15.0,35.0,HEMBRA,X,X,null
108941950,2023-05-10,15.0,35.0,MACHO,X,Y,null
110076755,2023-05-10,15.0,35.0,MACHO,X,Y,null
110076756,2023-05-10,15.0,35.0,MACHO,X,Y,null
110076757,2023-05-10,15.0,35.0,MACHO,X,Y,null
110076758,2023-05-10,15.0,35.0,MACHO,X,Y,null
110076759,2023-05-10,15.0,35.0,HEMBRA,X,X,null
110076760,2023-05-10,15.0,35.0,MACHO,X,Y,null
110076761,2023-05-10,15.0,35.0,MACHO,X,Y,null
111211566,2023-05-10,15.0,35.0,HEMBRA,X,X,null
111211567,2023-05-10,15.0,35.0,MACHO,X,Y,null
111211568,2023-05-10,15.0,35.0,HEMBRA,X,X,null
111211569,2023-05-10,15.0,35.0,HEMBRA,X,X,null
112346374,2023-05-10,15.0,35.0,MACHO,X,Y,null
112346375,2023-05-10,15.0,35.0,HEMBRA,X,X,null
113481180,2023-05-10,15.0,35.0,HEMBRA,X,X,null
113481181,2023-05-10,15.0,35.0,HEMBRA,X,X,null
113481182,2023-05-10,15.0,35.0,HEMBRA,X,X,null
113481183,2023-05-10,15.0,35.0,MACHO,X,Y,null
113481184,2023-05-10,15.0,35.0,MACHO,X,Y,null
113481185,2023-05-10,15.0,35.0,MACHO,X,Y,null
114615990,2023-05-10,15.0,35.0,HEMBRA,X,X,null
114615991,2023-05-10,15.0,35.0,MACHO,X,Y,null
114615992,2023-05-10,15.0,35.0,HEMBRA,X,X,null
114615993,2023-05-10,15.0,35.0,MACHO,X,Y,null
114615994,2023-05-10,15.0,35.0,HEMBRA,X,X,null
114615995,2023-05-10,15.0,35.0,MACHO,X,Y,null
115750800,2023-05-10,15.0,35.0,MACHO,X,Y,null
115750801,2023-05-10,15.0,35.0,HEMBRA,X,X,null
115750802,2023-05-10,15.0,35.0,HEMBRA,X,X,null
115750803,2023-05-10,15.0,35.0,MACHO,X,Y,null
116885608,2023-05-10,15.0,35.0,HEMBRA,X,X,null
116885609,2023-05-10,15.0,35.0,HEMBRA,X,X,null
116885610,2023-05-10,15.0,35.0,HEMBRA,X,X,null
116885611,2023-05-10,15.0,35.0,MACHO,X,Y,null
116885612,2023-05-10,15.0,35.0,HEMBRA,X,X,null
116885613,2023-05-10,15.0,35.0,HEMBRA,X,X,null
116885614,2023-05-10,15.0,35.0,HEMBRA,X,X,null
118020419,2023-05-10,15.0,35.0,HEMBRA,X,X,null
118020420,2023-05-10,15.0,35.0,MACHO,X,Y,null
118020421,2023-05-10,15.0,35.0,MACHO,X,Y,null
118020422,2023-05-10,15.0,35.0,MACHO,X,Y,null
118020423,2023-05-10,15.0,35.0,HEMBRA,X,X,null
119155228,2023-05-10,15.0,35.0,MACHO,X,Y,null
119155229,2023-05-10,15.0,35.0,MACHO,X,Y,null
119155230,2023-05-10,15.0,35.0,MACHO,X,Y,null
119155231,2023-05-10,15.0,35.0,MACHO,X,Y,null
119155232,2023-05-10,15.0,35.0,HEMBRA,X,X,null
120290037,2023-05-10,15.0,35.0,HEMBRA,X,X,null
120290038,2023-05-10,15.0,35.0,HEMBRA,X,X,null
120290039,2023-05-10,15.0,35.0,HEMBRA,X,X,null
120290040,2023-05-10,15.0,35.0,MACHO,X,Y,null
120290041,2023-05-10,15.0,35.0,MACHO,X,Y,null
120290042,2023-05-10,15.0,35.0,MACHO,X,Y,null
120290043,2023-05-10,15.0,35.0,MACHO,X,Y,null
121424848,2023-05-10,15.0,35.0,HEMBRA,X,X,null
121424849,2023-05-10,15.0,35.0,MACHO,X,Y,null
121424850,2023-05-10,15.0,35.0,MACHO,X,Y,null
121424851,2023-05-10,15.0,35.0,HEMBRA,X,X,null
122559656,2023-05-10,15.0,35.0,MACHO,X,Y,null
122559657,2023-05-10,15.0,35.0,HEMBRA,X,X,null
122559658,2023-05-10,15.0,35.0,HEMBRA,X,X,null
122559659,2023-05-10,15.0,35.0,HEMBRA,X,X,null
122559660,2023-05-10,15.0,35.0,MACHO,X,Y,null
123694465,2023-05-10,15.0,35.0,HEMBRA,X,X,null
123694466,2023-05-10,15.0,35.0,MACHO,X,Y,null
123694467,2023-05-10,15.0,35.0,HEMBRA,X,X,null
124829272,2023-05-10,15.0,35.0,MACHO,X,Y,null
124829273,2023-05-10,15.0,35.0,MACHO,X,Y,null
124829274,2023-05-10,15.0,35.0,MACHO,X,Y,null
125964079,2023-05-10,15.0,35.0,HEMBRA,X,X,null
125964080,2023-05-10,15.0,35.0,HEMBRA,X,X,null
125964081,2023-05-10,15.0,35.0,MACHO,X,Y,null
127098886,2023-05-10,15.0,35.0,HEMBRA,X,X,null
127098887,2023-05-10,15.0,35.0,HEMBRA,X,X,null
127098888,2023-05-10,15.0,35.0,MACHO,X,Y,null
127098889,2023-05-10,15.0,35.0,MACHO,X,Y,null
127098890,2023-05-10,15.0,35.0,HEMBRA,X,X,null
128233695,2023-05-10,15.0,35.0,MACHO,X,Y,null
128233696,2023-05-10,15.0,35.0,HEMBRA,X,X,null
128233697,2023-05-10,15.0,35.0,MACHO,X,Y,null
128233698,2023-05-10,15.0,35.0,HEMBRA,X,X,null
129368503,2023-05-10,15.0,35.0,MACHO,X,Y,null
129368504,2023-05-10,15.0,35.0,HEMBRA,X,X,null
129368505,2023-05-10,15.0,35.0,HEMBRA,X,X,null
129368506,2023-05-10,15.0,35.0,HEMBRA,X,X,null
129368507,2023-05-10,15.0,35.0,MACHO,X,Y,null
129368508,2023-05-10,15.0,35.0,MACHO,X,Y,null
129368509,2023-05-10,15.0,35.0,MACHO,X,Y,null
130503314,2023-05-10,15.0,35.0,MACHO,X,Y,null
130503315,2023-05-10,15.0,35.0,MACHO,X,Y,null
130503316,2023-05-10,15.0,35.0,HEMBRA,X,X,null
131638121,2023-05-10,15.0,35.0,HEMBRA,X,X,null
131638122,2023-05-10,15.0,35.0,HEMBRA,X,X,null
131638123,2023-05-10,15.0,35.0,HEMBRA,X,X,null
131638124,2023-05-10,15.0,35.0,HEMBRA,X,X,null
131638125,2023-05-10,15.0,35.0,MACHO,X,Y,null
131638126,2023-05-10,15.0,35.0,HEMBRA,X,X,null
131638127,2023-05-10,15.0,35.0,MACHO,X,Y,null
131638128,2023-05-10,15.0,35.0,HEMBRA,X,X,null
131638129,2023-05-10,15.0,35.0,HEMBRA,X,X,null
132772934,2023-05-10,15.0,35.0,MACHO,X,Y,null
132772935,2023-05-10,15.0,35.0,HEMBRA,X,X,null
132772936,2023-05-10,15.0,35.0,MACHO,X,Y,null
132772937,2023-05-10,15.0,35.0,HEMBRA,X,X,null
132772938,2023-05-10,15.0,35.0,MACHO,X,Y,null
132772939,2023-05-10,15.0,35.0,HEMBRA,X,X,null
133907744,2023-05-10,15.0,35.0,HEMBRA,X,X,null
133907745,2023-05-10,15.0,35.0,MACHO,X,Y,null
133907746,2023-05-10,15.0,35.0,HEMBRA,X,X,null
133907747,2023-05-10,15.0,35.0,MACHO,X,Y,null
133907748,2023-05-10,15.0,35.0,HEMBRA,X,X,null
135042553,2023-05-10,15.0,35.0,HEMBRA,X,X,null
135042554,2023-05-10,15.0,35.0,MACHO,X,Y,null
135042555,2023-05-10,15.0,35.0,MACHO,X,Y,null
135042556,2023-05-10,15.0,35.0,MACHO,X,Y,null
135042557,2023-05-10,15.0,35.0,MACHO,X,Y,null
135042558,2023-05-10,15.0,35.0,MACHO,X,Y,null
136177363,2023-05-10,15.0,35.0,MACHO,X,Y,null
136177364,2023-05-10,15.0,35.0,HEMBRA,X,X,null
136177365,2023-05-10,15.0,35.0,MACHO,X,Y,null
136177366,2023-05-10,15.0,35.0,MACHO,X,Y,null
136177367,2023-05-10,15.0,35.0,HEMBRA,X,X,null
136177368,2023-05-10,15.0,35.0,HEMBRA,X,X,null
137312173,2023-05-10,15.0,35.0,HEMBRA,X,X,null
137312174,2023-05-10,15.0,35.0,HEMBRA,X,X,null
137312175,2023-05-10,15.0,35.0,HEMBRA,X,X,null
137312176,2023-05-10,15.0,35.0,HEMBRA,X,X,null
137312177,2023-05-10,15.0,35.0,MACHO,X,Y,null
137312178,2023-05-10,15.0,35.0,HEMBRA,X,X,null
138446983,2023-05-10,15.0,35.0,MACHO,X,Y,null
138446984,2023-05-10,15.0,35.0,MACHO,X,Y,null
138446985,2023-05-10,15.0,35.0,HEMBRA,X,X,null
138446986,2023-05-10,15.0,35.0,MACHO,X,Y,null
138446987,2023-05-10,15.0,35.0,HEMBRA,X,X,null
138446988,2023-05-10,15.0,35.0,MACHO,X,Y,null
138446989,2023-05-10,15.0,35.0,MACHO,X,Y,null
139581794,2023-05-10,15.0,35.0,MACHO,X,Y,null
139581795,2023-05-10,15.0,35.0,HEMBRA,X,X,null
139581796,2023-05-10,15.0,35.0,HEMBRA,X,X,null
139581797,2023-05-10,15.0,35.0,MACHO,X,Y,null
139581798,2023-05-10,15.0,35.0,MACHO,X,Y,null
139581799,2023-05-10,15.0,35.0,MACHO,X,Y,null
140716604,2023-05-10,15.0,35.0,MACHO,X,Y,null
140716605,2023-05-10,15.0,35.0,HEMBRA,X,X,null
140716606,2023-05-10,15.0,35.0,MACHO,X,Y,null
140716607,2023-05-10,15.0,35.0,MACHO,X,Y,null
140716608,2023-05-10,15.0,35.0,MACHO,X,Y,null
140716609,2023-05-10,15.0,35.0,HEMBRA,X,X,null
140716610,2023-05-10,15.0,35.0,HEMBRA,X,X,null
141851415,2023-05-10,15.0,35.0,HEMBRA,X,X,null
141851416,2023-05-10,15.0,35.0,MACHO,X,Y,null
141851417,2023-05-10,15.0,35.0,MACHO,X,Y,null
141851418,2023-05-10,15.0,35.0,MACHO,X,Y,null
141851419,2023-05-10,15.0,35.0,HEMBRA,X,X,null
141851420,2023-05-10,15.0,35.0,HEMBRA,X,X,null
141851421,2023-05-10,15.0,35.0,MACHO,X,Y,null
142986226,2023-05-10,15.0,35.0,HEMBRA,X,X,null
142986227,2023-05-10,15.0,35.0,HEMBRA,X,X,null
142986228,2023-05-10,15.0,35.0,MACHO,X,Y,null
142986229,2023-05-10,15.0,35.0,MACHO,X,Y,null
144121034,2023-05-10,15.0,35.0,HEMBRA,X,X,null
144121035,2023-05-10,15.0,35.0,MACHO,X,Y,null
144121036,2023-05-10,15.0,35.0,MACHO,X,Y,null
144121037,2023-05-10,15.0,35.0,MACHO,X,Y,null
144121038,2023-05-10,15.0,35.0,HEMBRA,X,X,null
144121039,2023-05-10,15.0,35.0,MACHO,X,Y,null
144121040,2023-05-10,15.0,35.0,HEMBRA,X,X,null
144121041,2023-05-10,15.0,35.0,MACHO,X,Y,null
144121042,2023-05-10,15.0,35.0,MACHO,X,Y,null
145255847,2023-05-10,15.0,35.0,HEMBRA,X,X,null
145255848,2023-05-10,15.0,35.0,HEMBRA,X,X,null
145255849,2023-05-10,15.0,35.0,HEMBRA,X,X,null
145255850,2023-05-10,15.0,35.0,HEMBRA,X,X,null
145255851,2023-05-10,15.0,35.0,MACHO,X,Ymut,null
145255852,2023-05-10,15.0,35.0,HEMBRA,X,X,null
145255853,2023-05-10,15.0,35.0,MACHO,X,Ymut,null
145255854,2023-05-10,15.0,35.0,MACHO,X,Ymut,null
145255855,2023-05-10,15.0,35.0,MACHO,X,Ymut,null
146390660,2023-05-10,15.0,35.0,MACHO,X,Ymut,null
146390661,2023-05-10,15.0,35.0,MACHO,X,Ymut,null
146390662,2023-05-10,15.0,35.0,HEMBRA,X,X,null
146390663,2023-05-10,15.0,35.0,MACHO,X,Ymut,null
146390664,2023-05-10,15.0,35.0,MACHO,X,Ymut,null
146390665,2023-05-10,15.0,35.0,MACHO,X,Ymut,null
146390666,2023-05-10,15.0,35.0,HEMBRA,X,X,null
146390667,2023-05-10,15.0,35.0,MACHO,X,Ymut,null
146390668,2023-05-10,15.0,35.0,HEMBRA,X,X,null
146390669,2023-05-10,15.0,35.0,HEMBRA,X,X,null
146390670,2023-05-10,15.0,35.0,HEMBRA,X,X,null
146390671,2023-05-10,15.0,35.0,MACHO,X,Ymut,null
146390672,2023-05-10,15.0,35.0,HEMBRA,X,X,null
146390673,2023-05-10,15.0,35.0,HEMBRA,X,X,null
146390674,2023-05-10,15.0,35.0,MACHO,X,Ymut,null
146390675,2023-05-10,15.0,35.0,MACHO,X,Ymut,null
146390676,2023-05-10,15.0,35.0,MACHO,X,Ymut,null
146390677,2023-05-10,15.0,35.0,HEMBRA,X,X,null
146390678,2023-05-10,15.0,35.0,HEMBRA,X,X,null
146390679,2023-05-10,15.0,35.0,HEMBRA,X,X,null
146390680,2023-05-10,15.0,35.0,MACHO,X,Ymut,null
146390681,2023-05-10,15.0,35.0,HEMBRA,X,X,null
146390682,2023-05-10,15.0,35.0,MACHO,X,Ymut,null
146390683,2023-05-10,15.0,35.0,MACHO,X,Ymut,null
146390684,2023-05-10,15.0,35.0,HEMBRA,X,X,null
146390685,2023-05-10,15.0,35.0,HEMBRA,X,X,null
146390686,2023-05-10,15.0,35.0,MACHO,X,Ymut,null
146390687,2023-05-10,15.0,35.0,MACHO,X,Ymut,null
146390688,2023-05-10,15.0,35.0,MACHO,X,Ymut,null
146390689,2023-05-10,15.0,35.0,MACHO,X,Ymut,null
147525494,2023-05-10,15.0,35.0,MACHO,X,Ymut,null
147525495,2023-05-10,15.0,35.0,HEMBRA,X,X,null
147525496,2023-05-10,15.0,35.0,HEMBRA,X,X,null
148660301,2023-05-10,15.0,35.0,HEMBRA,X,X,null
148660302,2023-05-10,15.0,35.0,HEMBRA,X,X,null
148660303,2023-05-10,15.0,35.0,MACHO,X,Ymut,null
148660304,2023-05-10,15.0,35.0,MACHO,X,Ymut,null
148660305,2023-05-10,15.0,35.0,MACHO,X,Ymut,null
148660306,2023-05-10,15.0,35.0,HEMBRA,X,X,null
148660307,2023-05-10,15.0,35.0,HEMBRA,X,X,null
149795112,2023-05-10,15.0,35.0,MACHO,X,Ymut,null
149795113,2023-05-10,15.0,35.0,MACHO,X,Ymut,null
149795114,2023-05-10,15.0,35.0,HEMBRA,X,X,null
149795115,2023-05-10,15.0,35.0,HEMBRA,X,X,null
149795116,2023-05-10,15.0,35.0,MACHO,X,Ymut,null
149795117,2023-05-10,15.0,35.0,HEMBRA,X,X,null
149795118,2023-05-10,15.0,35.0,MACHO,X,Ymut,null
150929923,2023-05-10,15.0,35.0,HEMBRA,X,X,null
150929924,2023-05-10,15.0,35.0,HEMBRA,X,X,null
150929925,2023-05-10,15.0,35.0,MACHO,X,Ymut,null
150929926,2023-05-10,15.0,35.0,HEMBRA,X,X,null
150929927,2023-05-10,15.0,35.0,MACHO,X,Ymut,null
150929928,2023-05-10,15.0,35.0,HEMBRA,X,X,null
150929929,2023-05-10,15.0,35.0,HEMBRA,X,X,null
150929930,2023-05-10,15.0,35.0,HEMBRA,X,X,null
152064735,2023-05-10,15.0,35.0,MACHO,X,Ymut,null
152064736,2023-05-10,15.0,35.0,HEMBRA,X,X,null
152064737,2023-05-10,15.0,35.0,HEMBRA,X,X,null
152064738,2023-05-10,15.0,35.0,HEMBRA,X,X,null
153199543,2023-05-10,15.0,35.0,MACHO,X,Ymut,null
153199544,2023-05-10,15.0,35.0,MACHO,X,Ymut,null
153199545,2023-05-10,15.0,35.0,HEMBRA,X,X,null
153199546,2023-05-10,15.0,35.0,MACHO,X,Ymut,null
153199547,2023-05-10,15.0,35.0,MACHO,X,Ymut,null
153199548,2023-05-10,15.0,35.0,MACHO,X,Ymut,null
153199549,2023-05-10,15.0,35.0,HEMBRA,X,X,null
153199550,2023-05-10,15.0,35.0,MACHO,X,Ymut,null
153199551,2023-05-10,15.0,35.0,HEMBRA,X,X,null
153199552,2023-05-10,15.0,35.0,HEMBRA,X,X,null
153199553,2023-05-10,15.0,35.0,MACHO,X,Ymut,null
153199554,2023-05-10,15.0,35.0,MACHO,X,Ymut,null
153199555,2023-05-10,15.0,35.0,MACHO,X,Ymut,null
153199556,2023-05-10,15.0,35.0,MACHO,X,Ymut,null
154334361,2023-05-10,15.0,35.0,MACHO,X,Ymut,null
154334362,2023-05-10,15.0,35.0,MACHO,X,Ymut,null
154334363,2023-05-10,15.0,35.0,MACHO,X,Ymut,null
154334364,2023-05-10,15.0,35.0,HEMBRA,X,X,null
154334365,2023-05-10,15.0,35.0,MACHO,X,Ymut,null
154334366,2023-05-10,15.0,35.0,MACHO,X,Ymut,null
154334367,2023-05-10,15.0,35.0,HEMBRA,X,X,null
154334368,2023-05-10,15.0,35.0,MACHO,X,Ymut,null
154334369,2023-05-10,15.0,35.0,MACHO,X,Ymut,null
154334370,2023-05-10,15.0,35.0,HEMBRA,X,X,null
154334371,2023-05-10,15.0,35.0,HEMBRA,X,X,null
154334372,2023-05-10,15.0,35.0,MACHO,X,Ymut,null
154334373,2023-05-10,15.0,35.0,HEMBRA,X,X,null
154334374,2023-05-10,15.0,35.0,MACHO,X,Ymut,null
154334375,2023-05-10,15.0,35.0,MACHO,X,Ymut,null
154334376,2023-05-10,15.0,35.0,HEMBRA,X,X,null
154334377,2023-05-10,15.0,35.0,MACHO,X,Ymut,null
154334378,2023-05-10,15.0,35.0,HEMBRA,X,X,null
154334379,2023-05-10,15.0,35.0,HEMBRA,X,X,null
154334380,2023-05-10,15.0,35.0,HEMBRA,X,X,null
154334381,2023-05-10,15.0,35.0,HEMBRA,X,X,null
155469186,2023-05-10,15.0,35.0,HEMBRA,X,X,null
155469187,2023-05-10,15.0,35.0,HEMBRA,X,X,null
156603992,2023-05-10,15.0,35.0,MACHO,X,Ymut,null
156603993,2023-05-10,15.0,35.0,MACHO,X,Ymut,null
156603994,2023-05-10,15.0,35.0,MACHO,X,Ymut,null
156603995,2023-05-10,15.0,35.0,HEMBRA,X,X,null
157738800,2023-05-10,15.0,35.0,MACHO,X,Ymut,null
157738801,2023-05-10,15.0,35.0,HEMBRA,X,X,null
157738802,2023-05-10,15.0,35.0,MACHO,X,Ymut,null
158873607,2023-05-10,15.0,35.0,MACHO,X,Ymut,null
158873608,2023-05-10,15.0,35.0,HEMBRA,X,X,null
158873609,2023-05-10,15.0,35.0,HEMBRA,X,X,null
158873610,2023-05-10,15.0,35.0,MACHO,X,Ymut,null
158873611,2023-05-10,15.0,35.0,HEMBRA,X,X,null
158873612,2023-05-10,15.0,35.0,HEMBRA,X,X,null
158873613,2023-05-10,15.0,35.0,HEMBRA,X,X,null
158873614,2023-05-10,15.0,35.0,MACHO,X,Ymut,null
158873615,2023-05-10,15.0,35.0,MACHO,X,Ymut,null
158873616,2023-05-10,15.0,35.0,HEMBRA,X,X,null
158873617,2023-05-10,15.0,35.0,MACHO,X,Ymut,null
158873618,2023-05-10,15.0,35.0,MACHO,X,Ymut,null
158873619,2023-05-10,15.0,35.0,HEMBRA,X,X,null
158873620,2023-05-10,15.0,35.0,MACHO,X,Ymut,null
158873621,2023-05-10,15.0,35.0,HEMBRA,X,X,null
158873622,2023-05-10,15.0,35.0,HEMBRA,X,X,null
158873623,2023-05-10,15.0,35.0,HEMBRA,X,X,null
158873624,2023-05-10,15.0,35.0,HEMBRA,X,X,null
158873625,2023-05-10,15.0,35.0,MACHO,X,Ymut,null
158873626,2023-05-10,15.0,35.0,MACHO,X,Ymut,null
158873627,2023-05-10,15.0,35.0,MACHO,X,Ymut,null
158873628,2023-05-10,15.0,35.0,HEMBRA,X,X,null
158873629,2023-05-10,15.0,35.0,MACHO,X,Ymut,null
158873630,2023-05-10,15.0,35.0,HEMBRA,X,X,null
158873631,2023-05-10,15.0,35.0,HEMBRA,X,X,null
158873632,2023-05-10,15.0,35.0,MACHO,X,Ymut,null
160008437,2023-05-10,15.0,35.0,MACHO,X,Ymut,null
160008438,2023-05-10,15.0,35.0,HEMBRA,X,X,null
160008439,2023-05-10,15.0,35.0,MACHO,X,Ymut,null
160008440,2023-05-10,15.0,35.0,HEMBRA,X,X,null
160008441,2023-05-10,15.0,35.0,HEMBRA,X,X,null
160008442,2023-05-10,15.0,35.0,MACHO,X,Ymut,null
161143247,2023-05-10,15.0,35.0,HEMBRA,X,X,null
161143248,2023-05-10,15.0,35.0,MACHO,X,Ymut,null
162278053,2023-05-10,15.0,35.0,HEMBRA,X,X,null
162278054,2023-05-10,15.0,35.0,MACHO,X,Ymut,null
162278055,2023-05-10,15.0,35.0,MACHO,X,Ymut,null
162278056,2023-05-10,15.0,35.0,HEMBRA,X,X,null
162278057,2023-05-10,15.0,35.0,HEMBRA,X,X,null
163412862,2023-05-10,15.0,35.0,MACHO,X,Ymut,null
163412863,2023-05-10,15.0,35.0,MACHO,X,Ymut,null
163412864,2023-05-10,15.0,35.0,HEMBRA,X,X,null
163412865,2023-05-10,15.0,35.0,MACHO,X,Ymut,null
164547670,2023-05-10,15.0,35.0,HEMBRA,X,X,null
164547671,2023-05-10,15.0,35.0,HEMBRA,X,X,null
164547672,2023-05-10,15.0,35.0,HEMBRA,X,X,null
164547673,2023-05-10,15.0,35.0,HEMBRA,X,X,null
164547674,2023-05-10,15.0,35.0,HEMBRA,X,X,null
164547675,2023-05-10,15.0,35.0,MACHO,X,Ymut,null
164547676,2023-05-10,15.0,35.0,MACHO,X,Ymut,null
164547677,2023-05-10,15.0,35.0,MACHO,X,Ymut,null
164547678,2023-05-10,15.0,35.0,MACHO,X,Ymut,null
164547679,2023-05-10,15.0,35.0,HEMBRA,X,X,null
164547680,2023-05-10,15.0,35.0,MACHO,X,Ymut,null
165682485,2023-05-10,15.0,35.0,HEMBRA,X,X,null
165682486,2023-05-10,15.0,35.0,MACHO,X,Ymut,null
165682487,2023-05-10,15.0,35.0,MACHO,X,Ymut,null
165682488,2023-05-10,15.0,35.0,MACHO,X,Ymut,null
166817293,2023-05-10,15.0,35.0,HEMBRA,X,X,null
166817294,2023-05-10,15.0,35.0,HEMBRA,X,X,null
166817295,2023-05-10,15.0,35.0,HEMBRA,X,X,null
166817296,2023-05-10,15.0,35.0,HEMBRA,X,X,null
166817297,2023-05-10,15.0,35.0,HEMBRA,X,X,null
166817298,2023-05-10,15.0,35.0,HEMBRA,X,X,null
166817299,2023-05-10,15.0,35.0,MACHO,X,Ymut,null
166817300,2023-05-10,15.0,35.0,HEMBRA,X,X,null
166817301,2023-05-10,15.0,35.0,HEMBRA,X,X,null
166817302,2023-05-10,15.0,35.0,MACHO,X,Ymut,null
166817303,2023-05-10,15.0,35.0,MACHO,X,Ymut,null
333634599,2023-05-10,15.0,35.0,MACHO,X,Ymut,null
333634600,2023-05-10,15.0,35.0,MACHO,X,Ymut,null
333634601,2023-05-10,15.0,35.0,MACHO,X,Ymut,null
333634602,2023-05-10,15.0,35.0,HEMBRA,X,X,null
333634603,2023-05-10,15.0,35.0,HEMBRA,X,X,null
333634604,2023-05-10,15.0,35.0,MACHO,X,Ymut,null
333634605,2023-05-10,15.0,35.0,HEMBRA,X,X,null
333634606,2023-05-10,15.0,35.0,HEMBRA,X,X,null
333634607,2023-05-10,15.0,35.0,HEMBRA,X,X,null
333634608,2023-05-10,15.0,35.0,HEMBRA,X,X,null
333634609,2023-05-10,15.0,35.0,HEMBRA,X,X,null
333634610,2023-05-10,15.0,35.0,MACHO,X,Ymut,null
500451906,2023-05-10,15.0,35.0,MACHO,X,Ymut,null
500451907,2023-05-10,15.0,35.0,MACHO,X,Ymut,null
500451908,2023-05-10,15.0,35.0,HEMBRA,X,X,null
500451909,2023-05-10,15.0,35.0,MACHO,X,Ymut,null
500451910,2023-05-10,15.0,35.0,MACHO,X,Ymut,null
500451911,2023-05-10,15.0,35.0,HEMBRA,X,X,null
500451912,2023-05-10,15.0,35.0,MACHO,X,Ymut,null
500451913,2023-05-10,15.0,35.0,MACHO,X,Ymut,null
500451914,2023-05-10,15.0,35.0,HEMBRA,X,X,null
500451915,2023-05-10,15.0,35.0,MACHO,X,Ymut,null
500451916,2023-05-10,15.0,35.0,MACHO,X,Ymut,null
500451917,2023-05-10,15.0,35.0,HEMBRA,X,X,null
500451918,2023-05-10,15.0,35.0,HEMBRA,X,X,null
500451919,2023-05-10,15.0,35.0,MACHO,X,Ymut,null
500451920,2023-05-10,15.0,35.0,MACHO,X,Ymut,null
500451921,2023-05-10,15.0,35.0,MACHO,X,Ymut,null
667269217,2023-05-10,15.0,35.0,HEMBRA,X,X,null
667269218,2023-05-10,15.0,35.0,MACHO,X,Ymut,null
667269219,2023-05-10,15.0,35.0,MACHO,X,Ymut,null
667269220,2023-05-10,15.0,35.0,HEMBRA,X,X,null
667269221,2023-05-10,15.0,35.0,HEMBRA,X,X,null
667269222,2023-05-10,15.0,35.0,HEMBRA,X,X,null
667269223,2023-05-10,15.0,35.0,MACHO,X,Ymut,null
667269224,2023-05-10,15.0,35.0,MACHO,X,Ymut,null
667269225,2023-05-10,15.0,35.0,HEMBRA,X,X,null
667269226,2023-05-10,15.0,35.0,HEMBRA,X,X,null
667269227,2023-05-10,15.0,35.0,MACHO,X,Ymut,null
667269228,2023-05-10,15.0,35.0,HEMBRA,X,X,null
667269229,2023-05-10,15.0,35.0,MACHO,X,Ymut,null
667269230,2023-05-10,15.0,35.0,HEMBRA,X,X,null
667269231,2023-05-10,15.0,35.0,MACHO,X,Ymut,null
667269232,2023-05-10,15.0,35.0,HEMBRA,X,X,null
667269233,2023-05-10,15.0,35.0,HEMBRA,X,X,null
667269234,2023-05-10,15.0,35.0,MACHO,X,Ymut,null
834086530,2023-05-10,15.0,35.0,MACHO,X,Ymut,null
834086531,2023-05-10,15.0,35.0,MACHO,X,Ymut,null
1000903827,2023-05-10,15.0,35.0,MACHO,X,Ymut,null
1000903828,2023-05-10,15.0,35.0,MACHO,X,Ymut,null
1000903829,2023-05-10,15.0,35.0,HEMBRA,X,X,null
1167721125,2023-05-10,15.0,35.0,HEMBRA,X,X,null
1167721126,2023-05-10,15.0,35.0,MACHO,X,Ymut,null
1167721127,2023-05-10,15.0,35.0,HEMBRA,X,X,null
1167721128,2023-05-10,15.0,35.0,HEMBRA,X,X,null
1167721129,2023-05-10,15.0,35.0,MACHO,X,Ymut,null
1167721130,2023-05-10,15.0,35.0,MACHO,X,Ymut,null
1167721131,2023-05-10,15.0,35.0,MACHO,X,Ymut,null
1334538427,2023-05-10,15.0,35.0,MACHO,X,Ymut,null
1334538428,2023-05-10,15.0,35.0,MACHO,X,Ymut,null
1334538429,2023-05-10,15.0,35.0,MACHO,X,Ymut,null
1334538430,2023-05-10,15.0,35.0,HEMBRA,X,X,null
1501355726,2023-05-10,15.0,35.0,MACHO,X,Ymut,null
1501355727,2023-05-10,15.0,35.0,HEMBRA,X,X,null
1501355728,2023-05-10,15.0,35.0,HEMBRA,X,X,null
1501355729,2023-05-10,15.0,35.0,MACHO,X,Ymut,null
1501355730,2023-05-10,15.0,35.0,HEMBRA,X,X,null
1501355731,2023-05-10,15.0,35.0,HEMBRA,X,X,null
1501355732,2023-05-10,15.0,35.0,MACHO,X,Ymut,null
1501355733,2023-05-10,15.0,35.0,HEMBRA,X,X,null
1668173029,2023-05-10,15.0,35.0,HEMBRA,X,X,null
1668173030,2023-05-10,15.0,35.0,HEMBRA,X,X,null
1668173031,2023-05-10,15.0,35.0,MACHO,X,Ymut,null
1668173032,2023-05-10,15.0,35.0,HEMBRA,X,X,null
1668173033,2023-05-10,15.0,35.0,MACHO,X,Ymut,null
1668173034,2023-05-10,15.0,35.0,HEMBRA,X,X,null
1668173035,2023-05-10,15.0,35.0,MACHO,X,Ymut,null
1668173036,2023-05-10,15.0,35.0,MACHO,X,Ymut,null
1668173037,2023-05-10,15.0,35.0,MACHO,X,Ymut,null
1834990333,2023-05-10,15.0,35.0,HEMBRA,X,X,null
1834990334,2023-05-10,15.0,35.0,MACHO,X,Ymut,null
1834990335,2023-05-10,15.0,35.0,HEMBRA,X,X,null
1834990336,2023-05-10,15.0,35.0,HEMBRA,X,X,null
1834990337,2023-05-10,15.0,35.0,HEMBRA,X,X,null
1834990338,2023-05-10,15.0,35.0,HEMBRA,X,X,null
1834990339,2023-05-10,15.0,35.0,HEMBRA,X,X,null
2001807635,2023-05-10,15.0,35.0,HEMBRA,X,X,null
2001807636,2023-05-10,15.0,35.0,MACHO,X,Ymut,null
2001807637,2023-05-10,15.0,35.0,MACHO,X,Ymut,null
2001807638,2023-05-10,15.0,35.0,HEMBRA,X,X,null
2001807639,2023-05-10,15.0,35.0,MACHO,X,Ymut,null
2001807640,2023-05-10,15.0,35.0,HEMBRA,X,X,null
2001807641,2023-05-10,15.0,35.0,HEMBRA,X,X,null
2001807642,2023-05-10,15.0,35.0,HEMBRA,X,X,null
2001807643,2023-05-10,15.0,35.0,MACHO,X,Ymut,null
2001807644,2023-05-10,15.0,35.0,HEMBRA,X,X,null
2001807645,2023-05-10,15.0,35.0,HEMBRA,X,X,null
2001807646,2023-05-10,15.0,35.0,MACHO,X,Ymut,null
2001807647,2023-05-10,15.0,35.0,HEMBRA,X,X,null
2001807648,2023-05-10,15.0,35.0,MACHO,X,Ymut,null
2001807649,2023-05-10,15.0,35.0,HEMBRA,X,X,null
2001807650,2023-05-10,15.0,35.0,MACHO,X,Ymut,null
2001807651,2023-05-10,15.0,35.0,MACHO,X,Ymut,null
2001807652,2023-05-10,15.0,35.0,MACHO,X,Ymut,null
2001807653,2023-05-10,15.0,35.0,HEMBRA,X,X,null
2001807654,2023-05-10,15.0,35.0,HEMBRA,X,X,null
2001807655,2023-05-10,15.0,35.0,MACHO,X,Ymut,null
2001807656,2023-05-10,15.0,35.0,MACHO,X,Ymut,null
2001807657,2023-05-10,15.0,35.0,MACHO,X,Ymut,null
2001807658,2023-05-10,15.0,35.0,HEMBRA,X,X,null
2001807659,2023-05-10,15.0,35.0,HEMBRA,X,X,null
2001807660,2023-05-10,15.0,35.0,HEMBRA,X,X,null
2001807661,2023-05-10,15.0,35.0,HEMBRA,X,X,null
2001807662,2023-05-10,15.0,35.0,HEMBRA,X,X,null
2001807663,2023-05-10,15.0,35.0,MACHO,X,Ymut,null
2001807664,2023-05-10,15.0,35.0,MACHO,X,Ymut,null
2001807665,2023-05-10,15.0,35.0,HEMBRA,X,X,null
2001807666,2023-05-10,15.0,35.0,MACHO,X,Ymut,null
2001807667,2023-05-10,15.0,35.0,MACHO,X,Ymut,null
2001807668,2023-05-10,15.0,35.0,MACHO,X,Ymut,null
2001807669,2023-05-10,15.0,35.0,HEMBRA,X,X,null
2001807670,2023-05-10,15.0,35.0,HEMBRA,X,X,null
2001807671,2023-05-10,15.0,35.0,MACHO,X,Ymut,null
2001807672,2023-05-10,15.0,35.0,MACHO,X,Ymut,null
2001807673,2023-05-10,15.0,35.0,MACHO,X,Ymut,null
2001807674,2023-05-10,15.0,35.0,MACHO,X,Ymut,null
2001807675,2023-05-10,15.0,35.0,HEMBRA,X,X,null
2001807676,2023-05-10,15.0,35.0,MACHO,X,Ymut,null
2001807677,2023-05-10,15.0,35.0,HEMBRA,X,X,null
2001807678,2023-05-10,15.0,35.0,HEMBRA,X,X,null
2001807679,2023-05-10,15.0,35.0,MACHO,X,Ymut,null
2001807680,2023-05-10,15.0,35.0,MACHO,X,Ymut,null
2001807681,2023-05-10,15.0,35.0,HEMBRA,X,X,null
2001807682,2023-05-10,15.0,35.0,HEMBRA,X,X,null
2001807683,2023-05-10,15.0,35.0,HEMBRA,X,X,null
2001807684,2023-05-10,15.0,35.0,HEMBRA,X,X,null
2001807685,2023-05-10,15.0,35.0,MACHO,X,Ymut,null
2001807686,2023-05-10,15.0,35.0,MACHO,X,Ymut,null