p2,Ines Alba,230
-2129997160,2023-05-10,15.0,35.0,HEMBRA,X,X,null
-2129997159,2023-05-10,15.0,35.0,HEMBRA,X,X,null
-2129997158,2023-05-10,15.0,35.0,MACHO,X,Ymut,null
-2129997157,2023-05-10,15.0,35.0,HEMBRA,X,X,null
-2129997156,2023-05-10,15.0,35.0,MACHO,X,Y,null
-2129997155,2023-05-10,15.0,35.0,MACHO,X,Y,null
-2129997154,2023-05-10,15.0,35.0,HEMBRA,X,X,null
-2129997153,2023-05-10,15.0,35.0,HEMBRA,X,X,null
-2129997152,2023-05-10,15.0,35.0,MACHO,X,Y,null
1,2023-05-10,15.0,35.0,HEMBRA,X,X,Ratón sin patologías
2,2023-05-10,15.0,35.0,MACHO,X,Y,Ratón sin patologías
3,2023-05-10,15.0,35.0,MACHO,X,Y,Ratón sin patologías
4,2023-05-10,15.0,35.0,MACHO,X,Ymut,Ratón poligámico
5,2023-05-10,15.0,35.0,MACHO,Xmut,Y,Ratón estéril
6,2023-05-10,15.0,35.0,HEMBRA,X,X,Ratón sin patologías
7,2023-05-10,15.0,35.0,HEMBRA,Xmut,Xmut,Ratón estéril
8,2023-05-10,15.0,35.0,HEMBRA,Xmut,X,Ratón sin patologías
9,2023-05-10,15.0,35.0,HEMBRA,Xmut,X,Ratón sin patologías
10,2023-05-10,15.0,35.0,MACHO,X,Y,Ratón sin patologías
11,2023-05-10,15.0,35.0,HEMBRA,X,X,Ratón sin patologías
12,2023-05-10,15.0,35.0,MACHO,X,Y,Ratón sin patologías
13,2023-05-10,15.0,35.0,MACHO,X,Y,Ratón sin patologías
14,2023-05-10,15.0,35.0,HEMBRA,X,Xmut,Ratón sin patologías
15,2023-05-10,15.0,35.0,MACHO,X,Y,Ratón sin patologías
16,2023-05-10,15.0,35.0,MACHO,X,Y,Ratón sin patologías
17,2023-05-10,15.0,35.0,HEMBRA,X,X,Ratón sin patologías
18,2023-05-10,15.0,35.0,HEMBRA,X,Xmut,Ratón sin patologías
19,2023-05-10,15.0,35.0,MACHO,X,Y,Ratón sin patologías
20,2023-05-10,15.0,35.0,MACHO,X,Y,Ratón sin patologías
21,2023-05-10,15.0,35.0,HEMBRA,X,X,Ratón sin patologías
22,2023-05-10,15.0,35.0,MACHO,X,Y,Ratón sin patologías
23,2023-05-10,15.0,35.0,HEMBRA,Xmut,X,Ratón sin patologías
24,2023-05-10,15.0,35.0,HEMBRA,Xmut,X,Ratón sin patologías
25,2023-05-10,15.0,35.0,HEMBRA,X,X,Ratón sin patologías
26,2023-05-10,15.0,35.0,MACHO,Xmut,Y,Ratón estéril
27,2023-05-10,15.0,35.0,MACHO,X,Y,Ratón sin patologías
28,2023-05-10,15.0,35.0,HEMBRA,X,X,Ratón sin patologías
29,2023-05-10,15.0,35.0,MACHO,X,Y,Ratón sin patologías
30,2023-05-10,15.0,35.0,HEMBRA,X,X,Ratón sin patologías
31,2023-05-10,15.0,35.0,MACHO,X,Y,null
32,2023-05-10,15.0,35.0,MACHO,X,Y,null
33,2023-05-10,15.0,35.0,MACHO,X,Y,null
34,2023-05-10,15.0,35.0,MACHO,X,Y,null
35,2023-05-10,15.0,35.0,HEMBRA,X,X,null
36,2023-05-10,15.0,35.0,MACHO,X,Y,null
67,2023-05-10,15.0,35.0,HEMBRA,X,X,null
68,2023-05-10,15.0,35.0,MACHO,X,Y,null
69,2023-05-10,15.0,35.0,HEMBRA,X,X,null
70,2023-05-10,15.0,35.0,HEMBRA,X,X,null
71,2023-05-10,15.0,35.0,MACHO,X,Y,null
102,2023-05-10,15.0,35.0,HEMBRA,X,Xmut,null
103,2023-05-10,15.0,35.0,HEMBRA,X,Xmut,null
104,2023-05-10,15.0,35.0,HEMBRA,X,Xmut,null
135,2023-05-10,15.0,35.0,MACHO,Xmut,Y,null
136,2023-05-10,15.0,35.0,MACHO,X,Y,null
137,2023-05-10,15.0,35.0,HEMBRA,X,X,null
138,2023-05-10,15.0,35.0,HEMBRA,Xmut,X,null
139,2023-05-10,15.0,35.0,MACHO,X,Y,null
140,2023-05-10,15.0,35.0,HEMBRA,X,X,null
171,2023-05-10,15.0,35.0,HEMBRA,X,X,null
172,2023-05-10,15.0,35.0,MACHO,X,Y,null
173,2023-05-10,15.0,35.0,HEMBRA,Xmut,X,null
174,2023-05-10,15.0,35.0,HEMBRA,Xmut,X,null
175,2023-05-10,15.0,35.0,MACHO,X,Y,null
206,2023-05-10,15.0,35.0,MACHO,X,Y,null
207,2023-05-10,15.0,35.0,HEMBRA,X,X,null
208,2023-05-10,15.0,35.0,MACHO,X,Y,null
239,2023-05-10,15.0,35.0,HEMBRA,Xmut,X,null
240,2023-05-10,15.0,35.0,HEMBRA,X,X,null
241,2023-05-10,15.0,35.0,HEMBRA,Xmut,X,null
242,2023-05-10,15.0,35.0,MACHO,Xmut,Y,null
243,2023-05-10,15.0,35.0,MACHO,X,Y,null
274,2023-05-10,15.0,35.0,HEMBRA,X,X,null
275,2023-05-10,15.0,35.0,HEMBRA,X,X,null
276,2023-05-10,15.0,35.0,HEMBRA,X,X,null
277,2023-05-10,15.0,35.0,MACHO,X,Y,null
278,2023-05-10,15.0,35.0,MACHO,X,Y,null
309,2023-05-10,15.0,35.0,MACHO,Xmut,Y,null
310,2023-05-10,15.0,35.0,MACHO,Xmut,Y,null
311,2023-05-10,15.0,35.0,HEMBRA,X,X,null
312,2023-05-10,15.0,35.0,MACHO,X,Y,null
313,2023-05-10,15.0,35.0,HEMBRA,X,X,null
314,2023-05-10,15.0,35.0,HEMBRA,Xmut,X,null
315,2023-05-10,15.0,35.0,HEMBRA,Xmut,X,null
346,2023-05-10,15.0,35.0,HEMBRA,X,X,null
347,2023-05-10,15.0,35.0,HEMBRA,X,X,null
348,2023-05-10,15.0,35.0,MACHO,X,Y,null
349,2023-05-10,15.0,35.0,HEMBRA,X,X,null
350,2023-05-10,15.0,35.0,MACHO,X,Y,null
351,2023-05-10,15.0,35.0,MACHO,X,Y,null
352,2023-05-10,15.0,35.0,MACHO,X,Y,null
383,2023-05-10,15.0,35.0,HEMBRA,Xmut,X,null
384,2023-05-10,15.0,35.0,HEMBRA,X,X,null
385,2023-05-10,15.0,35.0,MACHO,Xmut,Y,null
386,2023-05-10,15.0,35.0,MACHO,X,Y,null
387,2023-05-10,15.0,35.0,HEMBRA,Xmut,X,null
418,2023-05-10,15.0,35.0,HEMBRA,X,Xmut,null
419,2023-05-10,15.0,35.0,MACHO,Xmut,Y,null
420,2023-05-10,15.0,35.0,HEMBRA,Xmut,Xmut,null
421,2023-05-10,15.0,35.0,MACHO,X,Y,null
452,2023-05-10,15.0,35.0,MACHO,X,Y,null
453,2023-05-10,15.0,35.0,HEMBRA,X,X,null
454,2023-05-10,15.0,35.0,HEMBRA,X,X,null
455,2023-05-10,15.0,35.0,HEMBRA,X,X,null
486,2023-05-10,15.0,35.0,MACHO,X,Y,null
487,2023-05-10,15.0,35.0,MACHO,X,Y,null
488,2023-05-10,15.0,35.0,MACHO,X,Y,null
489,2023-05-10,15.0,35.0,HEMBRA,X,X,null
490,2023-05-10,15.0,35.0,HEMBRA,X,X,null
491,2023-05-10,15.0,35.0,MACHO,X,Y,null
492,2023-05-10,15.0,35.0,HEMBRA,X,X,null
493,2023-05-10,15.0,35.0,HEMBRA,X,X,null
494,2023-05-10,15.0,35.0,MACHO,X,Y,null
495,2023-05-10,15.0,35.0,HEMBRA,X,X,null
986,2023-05-10,15.0,35.0,HEMBRA,X,X,null
987,2023-05-10,15.0,35.0,MACHO,X,Y,null
988,2023-05-10,15.0,35.0,MACHO,X,Y,null
989,2023-05-10,15.0,35.0,HEMBRA,X,X,null
990,2023-05-10,15.0,35.0,HEMBRA,X,X,null
1481,2023-05-10,15.0,35.0,HEMBRA,X,Xmut,null
1482,2023-05-10,15.0,35.0,MACHO,X,Y,null
1483,2023-05-10,15.0,35.0,HEMBRA,X,Xmut,null
1484,2023-05-10,15.0,35.0,MACHO,X,Y,null
1485,2023-05-10,15.0,35.0,HEMBRA,X,Xmut,null
1486,2023-05-10,15.0,35.0,MACHO,X,Y,null
1977,2023-05-10,15.0,35.0,HEMBRA,Xmut,X,null
1978,2023-05-10,15.0,35.0,HEMBRA,X,X,null
1979,2023-05-10,15.0,35.0,HEMBRA,Xmut,X,null
1980,2023-05-10,15.0,35.0,MACHO,X,Y,null
1981,2023-05-10,15.0,35.0,MACHO,Xmut,Y,null
2472,2023-05-10,15.0,35.0,MACHO,Xmut,Y,null
2473,2023-05-10,15.0,35.0,MACHO,Xmut,Y,null
2474,2023-05-10,15.0,35.0,HEMBRA,Xmut,X,null
2475,2023-05-10,15.0,35.0,MACHO,X,Y,null
2476,2023-05-10,15.0,35.0,HEMBRA,Xmut,X,null
2477,2023-05-10,15.0,35.0,HEMBRA,Xmut,X,null
2478,2023-05-10,15.0,35.0,HEMBRA,Xmut,X,null
2479,2023-05-10,15.0,35.0,HEMBRA,X,X,null
2970,2023-05-10,15.0,35.0,HEMBRA,X,X,null
2971,2023-05-10,15.0,35.0,MACHO,X,Y,null
2972,2023-05-10,15.0,35.0,MACHO,X,Y,null
2973,2023-05-10,15.0,35.0,MACHO,X,Y,null
2974,2023-05-10,15.0,35.0,HEMBRA,X,X,null
2975,2023-05-10,15.0,35.0,MACHO,X,Y,null
2976,2023-05-10,15.0,35.0,HEMBRA,X,X,null
3467,2023-05-10,15.0,35.0,HEMBRA,X,X,null
3468,2023-05-10,15.0,35.0,MACHO,Xmut,Y,null
3469,2023-05-10,15.0,35.0,MACHO,X,Y,null
3960,2023-05-10,15.0,35.0,HEMBRA,X,X,null
3961,2023-05-10,15.0,35.0,MACHO,X,Y,null
3962,2023-05-10,15.0,35.0,MACHO,X,Y,null
3963,2023-05-10,15.0,35.0,MACHO,X,Y,null
4454,2023-05-10,15.0,35.0,HEMBRA,Xmut,X,null
4455,2023-05-10,15.0,35.0,MACHO,X,Y,null
4456,2023-05-10,15.0,35.0,HEMBRA,X,X,null
4457,2023-05-10,15.0,35.0,HEMBRA,Xmut,X,null
4458,2023-05-10,15.0,35.0,MACHO,X,Y,null
4949,2023-05-10,15.0,35.0,HEMBRA,X,X,null
4950,2023-05-10,15.0,35.0,HEMBRA,X,X,null
4951,2023-05-10,15.0,35.0,HEMBRA,X,X,null
4952,2023-05-10,15.0,35.0,MACHO,X,Y,null
4953,2023-05-10,15.0,35.0,HEMBRA,X,X,null
4954,2023-05-10,15.0,35.0,HEMBRA,X,X,null
4955,2023-05-10,15.0,35.0,MACHO,X,Y,null
5446,2023-05-10,15.0,35.0,MACHO,X,Y,null
5447,2023-05-10,15.0,35.0,HEMBRA,Xmut,X,null
5448,2023-05-10,15.0,35.0,MACHO,X,Y,null
5449,2023-05-10,15.0,35.0,MACHO,Xmut,Y,null
5450,2023-05-10,15.0,35.0,HEMBRA,Xmut,X,null
5941,2023-05-10,15.0,35.0,MACHO,X,Y,null
5942,2023-05-10,15.0,35.0,MACHO,Xmut,Y,null
5943,2023-05-10,15.0,35.0,HEMBRA,Xmut,Xmut,null
6434,2023-05-10,15.0,35.0,MACHO,X,Y,null
6435,2023-05-10,15.0,35.0,MACHO,X,Y,null
6436,2023-05-10,15.0,35.0,MACHO,X,Y,null
6437,2023-05-10,15.0,35.0,MACHO,X,Y,null
6438,2023-05-10,15.0,35.0,MACHO,X,Y,null
6439,2023-05-10,15.0,35.0,HEMBRA,X,X,null
6440,2023-05-10,15.0,35.0,MACHO,X,Y,null
6441,2023-05-10,15.0,35.0,HEMBRA,X,X,null
6932,2023-05-10,15.0,35.0,MACHO,X,Y,null
6933,2023-05-10,15.0,35.0,MACHO,X,Y,null
6934,2023-05-10,15.0,35.0,HEMBRA,X,X,null
6935,2023-05-10,15.0,35.0,HEMBRA,X,X,null
6936,2023-05-10,15.0,35.0,MACHO,X,Y,null
6937,2023-05-10,15.0,35.0,MACHO,X,Y,null
6938,2023-05-10,15.0,35.0,HEMBRA,X,X,null
6939,2023-05-10,15.0,35.0,HEMBRA,X,X,null
6940,2023-05-10,15.0,35.0,MACHO,X,Y,null
6941,2023-05-10,15.0,35.0,MACHO,X,Y,null
6942,2023-05-10,15.0,35.0,MACHO,X,Y,null
13879,2023-05-10,15.0,35.0,MACHO,X,Y,null
13880,2023-05-10,15.0,35.0,MACHO,X,Y,null
13881,2023-05-10,15.0,35.0,HEMBRA,X,X,null
13882,2023-05-10,15.0,35.0,MACHO,X,Y,null
13883,2023-05-10,15.0,35.0,MACHO,X,Y,null
13884,2023-05-10,15.0,35.0,HEMBRA,X,X,null
13885,2023-05-10,15.0,35.0,MACHO,X,Y,null
20822,2023-05-10,15.0,35.0,HEMBRA,X,X,null
20823,2023-05-10,15.0,35.0,MACHO,X,Y,null
20824,2023-05-10,15.0,35.0,MACHO,X,Y,null
20825,2023-05-10,15.0,35.0,HEMBRA,X,X,null
20826,2023-05-10,15.0,35.0,HEMBRA,X,X,null
27763,2023-05-10,15.0,35.0,HEMBRA,X,X,null
27764,2023-05-10,15.0,35.0,MACHO,X,Y,null
27765,2023-05-10,15.0,35.0,HEMBRA,X,X,null
27766,2023-05-10,15.0,35.0,HEMBRA,X,X,null
27767,2023-05-10,15.0,35.0,HEMBRA,X,X,null
27768,2023-05-10,15.0,35.0,HEMBRA,X,X,null
27769,2023-05-10,15.0,35.0,MACHO,X,Y,null
27770,2023-05-10,15.0,35.0,MACHO,X,Y,null
34707,2023-05-10,15.0,35.0,MACHO,X,Y,null
34708,2023-05-10,15.0,35.0,HEMBRA,X,X,null
34709,2023-05-10,15.0,35.0,HEMBRA,X,X,null
34710,2023-05-10,15.0,35.0,HEMBRA,X,X,null
34711,2023-05-10,15.0,35.0,HEMBRA,X,X,null
34712,2023-05-10,15.0,35.0,MACHO,X,Y,null
34713,2023-05-10,15.0,35.0,HEMBRA,X,X,null
41650,2023-05-10,15.0,35.0,HEMBRA,X,X,null
41651,2023-05-10,15.0,35.0,HEMBRA,Xmut,X,null
41652,2023-05-10,15.0,35.0,MACHO,X,Y,null
41653,2023-05-10,15.0,35.0,HEMBRA,Xmut,X,null
48590,2023-05-10,15.0,35.0,HEMBRA,X,Xmut,null
48591,2023-05-10,15.0,35.0,HEMBRA,X,Xmut,null
48592,2023-05-10,15.0,35.0,MACHO,X,Y,null
48593,2023-05-10,15.0,35.0,MACHO,X,Y,null
48594,2023-05-10,15.0,35.0,HEMBRA,Xmut,Xmut,null
55531,2023-05-10,15.0,35.0,MACHO,X,Y,null
55532,2023-05-10,15.0,35.0,HEMBRA,X,X,null
55533,2023-05-10,15.0,35.0,MACHO,X,Y,null
55534,2023-05-10,15.0,35.0,HEMBRA,X,X,null
55535,2023-05-10,15.0,35.0,MACHO,X,Y,null
62472,2023-05-10,15.0,35.0,HEMBRA,Xmut,X,null
62473,2023-05-10,15.0,35.0,HEMBRA,X,X,null
62474,2023-05-10,15.0,35.0,MACHO,X,Y,null
69411,2023-05-10,15.0,35.0,HEMBRA,X,X,null
69412,2023-05-10,15.0,35.0,MACHO,X,Y,null
69413,2023-05-10,15.0,35.0,MACHO,X,Y,null
69414,2023-05-10,15.0,35.0,MACHO,X,Y,null
69415,2023-05-10,15.0,35.0,MACHO,X,Y,null
69416,2023-05-10,15.0,35.0,HEMBRA,X,X,null
69417,2023-05-10,15.0,35.0,HEMBRA,X,X,null
69418,2023-05-10,15.0,35.0,MACHO,X,Y,null
76355,2023-05-10,15.0,35.0,HEMBRA,X,X,null
76356,2023-05-10,15.0,35.0,MACHO,X,Y,null
76357,2023-05-10,15.0,35.0,HEMBRA,X,X,null
76358,2023-05-10,15.0,35.0,MACHO,X,Y,null
76359,2023-05-10,15.0,35.0,MACHO,X,Y,null
76360,2023-05-10,15.0,35.0,HEMBRA,X,X,null
76361,2023-05-10,15.0,35.0,HEMBRA,X,X,null
76362,2023-05-10,15.0,35.0,HEMBRA,X,X,null
83299,2023-05-10,15.0,35.0,HEMBRA,X,X,null
83300,2023-05-10,15.0,35.0,HEMBRA,X,X,null
83301,2023-05-10,15.0,35.0,HEMBRA,X,X,null
90238,2023-05-10,15.0,35.0,HEMBRA,Xmut,Xmut,null
90239,2023-05-10,15.0,35.0,HEMBRA,Xmut,Xmut,null
90240,2023-05-10,15.0,35.0,HEMBRA,X,Xmut,null
90241,2023-05-10,15.0,35.0,HEMBRA,Xmut,Xmut,null
90242,2023-05-10,15.0,35.0,HEMBRA,Xmut,Xmut,null
90243,2023-05-10,15.0,35.0,MACHO,X,Y,null
97180,2023-05-10,15.0,35.0,MACHO,Xmut,Y,null
97181,2023-05-10,15.0,35.0,MACHO,Xmut,Y,null
97182,2023-05-10,15.0,35.0,MACHO,X,Y,null
97183,2023-05-10,15.0,35.0,MACHO,Xmut,Y,null
104120,2023-05-10,15.0,35.0,MACHO,X,Y,null
104121,2023-05-10,15.0,35.0,MACHO,X,Y,null
104122,2023-05-10,15.0,35.0,HEMBRA,X,X,null
104123,2023-05-10,15.0,35.0,MACHO,X,Y,null
104124,2023-05-10,15.0,35.0,HEMBRA,X,X,null
111061,2023-05-10,15.0,35.0,MACHO,X,Y,null
111062,2023-05-10,15.0,35.0,MACHO,X,Y,null
111063,2023-05-10,15.0,35.0,MACHO,X,Y,null
111064,2023-05-10,15.0,35.0,HEMBRA,X,X,null
111065,2023-05-10,15.0,35.0,MACHO,X,Y,null
118002,2023-05-10,15.0,35.0,HEMBRA,X,X,null
118003,2023-05-10,15.0,35.0,HEMBRA,X,X,null
118004,2023-05-10,15.0,35.0,HEMBRA,X,X,null
118005,2023-05-10,15.0,35.0,HEMBRA,X,X,null
124942,2023-05-10,15.0,35.0,HEMBRA,X,Xmut,null
124943,2023-05-10,15.0,35.0,HEMBRA,X,Xmut,null
124944,2023-05-10,15.0,35.0,HEMBRA,X,Xmut,null
131881,2023-05-10,15.0,35.0,MACHO,X,Y,null
131882,2023-05-10,15.0,35.0,HEMBRA,X,X,null
131883,2023-05-10,15.0,35.0,HEMBRA,X,X,null
131884,2023-05-10,15.0,35.0,MACHO,X,Y,null
138821,2023-05-10,15.0,35.0,MACHO,X,Y,null
138822,2023-05-10,15.0,35.0,MACHO,Xmut,Y,null
138823,2023-05-10,15.0,35.0,MACHO,Xmut,Y,null
138824,2023-05-10,15.0,35.0,MACHO,Xmut,Y,null
138825,2023-05-10,15.0,35.0,MACHO,X,Y,null
138826,2023-05-10,15.0,35.0,HEMBRA,Xmut,X,null
138827,2023-05-10,15.0,35.0,MACHO,X,Y,null
145764,2023-05-10,15.0,35.0,MACHO,X,Y,null
145765,2023-05-10,15.0,35.0,HEMBRA,X,X,null
145766,2023-05-10,15.0,35.0,HEMBRA,X,X,null
152703,2023-05-10,15.0,35.0,MACHO,Xmut,Y,null
152704,2023-05-10,15.0,35.0,MACHO,X,Y,null
152705,2023-05-10,15.0,35.0,MACHO,Xmut,Y,null
152706,2023-05-10,15.0,35.0,MACHO,Xmut,Y,null
152707,2023-05-10,15.0,35.0,MACHO,Xmut,Y,null
152708,2023-05-10,15.0,35.0,MACHO,Xmut,Y,null
152709,2023-05-10,15.0,35.0,HEMBRA,Xmut,X,null
159646,2023-05-10,15.0,35.0,MACHO,X,Y,null
159647,2023-05-10,15.0,35.0,HEMBRA,X,X,null
159648,2023-05-10,15.0,35.0,HEMBRA,X,X,null
159649,2023-05-10,15.0,35.0,HEMBRA,X,X,null
166586,2023-05-10,15.0,35.0,MACHO,X,Y,null
166587,2023-05-10,15.0,35.0,MACHO,Xmut,Y,null
166588,2023-05-10,15.0,35.0,MACHO,Xmut,Y,null
166589,2023-05-10,15.0,35.0,MACHO,Xmut,Y,null
166590,2023-05-10,15.0,35.0,HEMBRA,X,X,null
166591,2023-05-10,15.0,35.0,MACHO,Xmut,Y,null
166592,2023-05-10,15.0,35.0,MACHO,Xmut,Y,null
173529,2023-05-10,15.0,35.0,HEMBRA,Xmut,Xmut,null
173530,2023-05-10,15.0,35.0,HEMBRA,Xmut,Xmut,null
173531,2023-05-10,15.0,35.0,HEMBRA,Xmut,Xmut,null
173532,2023-05-10,15.0,35.0,HEMBRA,X,Xmut,null
180469,2023-05-10,15.0,35.0,MACHO,X,Y,null
180470,2023-05-10,15.0,35.0,HEMBRA,X,X,null
180471,2023-05-10,15.0,35.0,MACHO,X,Y,null
187408,2023-05-10,15.0,35.0,MACHO,X,Y,null
187409,2023-05-10,15.0,35.0,HEMBRA,X,X,null
187410,2023-05-10,15.0,35.0,MACHO,X,Y,null
187411,2023-05-10,15.0,35.0,HEMBRA,X,X,null
187412,2023-05-10,15.0,35.0,MACHO,X,Y,null
187413,2023-05-10,15.0,35.0,MACHO,X,Y,null
194350,2023-05-10,15.0,35.0,HEMBRA,Xmut,X,null
194351,2023-05-10,15.0,35.0,MACHO,X,Y,null
194352,2023-05-10,15.0,35.0,HEMBRA,X,X,null
194353,2023-05-10,15.0,35.0,MACHO,Xmut,Y,null
194354,2023-05-10,15.0,35.0,MACHO,Xmut,Y,null
194355,2023-05-10,15.0,35.0,MACHO,Xmut,Y,null
194356,2023-05-10,15.0,35.0,HEMBRA,X,X,null
194357,2023-05-10,15.0,35.0,HEMBRA,X,X,null
201294,2023-05-10,15.0,35.0,HEMBRA,X,X,null
201295,2023-05-10,15.0,35.0,MACHO,X,Y,null
201296,2023-05-10,15.0,35.0,MACHO,X,Y,null
201297,2023-05-10,15.0,35.0,HEMBRA,X,X,null
201298,2023-05-10,15.0,35.0,MACHO,X,Y,null
201299,2023-05-10,15.0,35.0,HEMBRA,X,X,null
208236,2023-05-10,15.0,35.0,HEMBRA,X,X,null
208237,2023-05-10,15.0,35.0,MACHO,Xmut,Y,null
208238,2023-05-10,15.0,35.0,MACHO,X,Y,null
208239,2023-05-10,15.0,35.0,MACHO,X,Y,null
215176,2023-05-10,15.0,35.0,MACHO,X,Y,null
215177,2023-05-10,15.0,35.0,HEMBRA,X,X,null
215178,2023-05-10,15.0,35.0,HEMBRA,X,X,null
215179,2023-05-10,15.0,35.0,HEMBRA,Xmut,X,null
215180,2023-05-10,15.0,35.0,MACHO,Xmut,Y,null
215181,2023-05-10,15.0,35.0,HEMBRA,X,X,null
215182,2023-05-10,15.0,35.0,MACHO,Xmut,Y,null
222119,2023-05-10,15.0,35.0,MACHO,X,Y,null
222120,2023-05-10,15.0,35.0,HEMBRA,X,X,null
222121,2023-05-10,15.0,35.0,HEMBRA,X,X,null
222122,2023-05-10,15.0,35.0,MACHO,X,Y,null
222123,2023-05-10,15.0,35.0,HEMBRA,X,X,null
229060,2023-05-10,15.0,35.0,HEMBRA,X,X,null
229061,2023-05-10,15.0,35.0,MACHO,X,Y,null
229062,2023-05-10,15.0,35.0,MACHO,X,Y,null
229063,2023-05-10,15.0,35.0,MACHO,X,Y,null
236000,2023-05-10,15.0,35.0,HEMBRA,X,X,null
236001,2023-05-10,15.0,35.0,HEMBRA,X,X,null
236002,2023-05-10,15.0,35.0,HEMBRA,X,X,null
236003,2023-05-10,15.0,35.0,MACHO,X,Y,null
236004,2023-05-10,15.0,35.0,MACHO,X,Y,null
242941,2023-05-10,15.0,35.0,MACHO,X,Y,null
242942,2023-05-10,15.0,35.0,HEMBRA,X,Xmut,null
242943,2023-05-10,15.0,35.0,MACHO,X,Y,null
242944,2023-05-10,15.0,35.0,HEMBRA,X,Xmut,null
242945,2023-05-10,15.0,35.0,HEMBRA,X,Xmut,null
242946,2023-05-10,15.0,35.0,MACHO,X,Y,null
249883,2023-05-10,15.0,35.0,HEMBRA,X,X,null
249884,2023-05-10,15.0,35.0,MACHO,X,Y,null
249885,2023-05-10,15.0,35.0,MACHO,X,Y,null
249886,2023-05-10,15.0,35.0,HEMBRA,X,X,null
256823,2023-05-10,15.0,35.0,MACHO,X,Y,null
256824,2023-05-10,15.0,35.0,MACHO,X,Y,null
256825,2023-05-10,15.0,35.0,HEMBRA,X,X,null
263762,2023-05-10,15.0,35.0,MACHO,X,Y,null
263763,2023-05-10,15.0,35.0,MACHO,X,Y,null
263764,2023-05-10,15.0,35.0,HEMBRA,X,X,null
263765,2023-05-10,15.0,35.0,HEMBRA,X,X,null
263766,2023-05-10,15.0,35.0,HEMBRA,X,X,null
263767,2023-05-10,15.0,35.0,MACHO,X,Y,null
270704,2023-05-10,15.0,35.0,MACHO,X,Y,null
270705,2023-05-10,15.0,35.0,MACHO,X,Y,null
270706,2023-05-10,15.0,35.0,HEMBRA,X,X,null
270707,2023-05-10,15.0,35.0,HEMBRA,X,X,null
270708,2023-05-10,15.0,35.0,MACHO,X,Y,null
270709,2023-05-10,15.0,35.0,MACHO,X,Y,null
277646,2023-05-10,15.0,35.0,HEMBRA,Xmut,X,null
277647,2023-05-10,15.0,35.0,HEMBRA,X,X,null
277648,2023-05-10,15.0,35.0,HEMBRA,Xmut,X,null
277649,2023-05-10,15.0,35.0,MACHO,Xmut,Y,null
277650,2023-05-10,15.0,35.0,HEMBRA,X,X,null
284587,2023-05-10,15.0,35.0,MACHO,X,Y,null
284588,2023-05-10,15.0,35.0,HEMBRA,X,X,null
284589,2023-05-10,15.0,35.0,HEMBRA,X,X,null
284590,2023-05-10,15.0,35.0,MACHO,Xmut,Y,null
284591,2023-05-10,15.0,35.0,HEMBRA,Xmut,X,null
284592,2023-05-10,15.0,35.0,MACHO,Xmut,Y,null
291529,2023-05-10,15.0,35.0,HEMBRA,X,X,null
291530,2023-05-10,15.0,35.0,HEMBRA,X,X,null
291531,2023-05-10,15.0,35.0,HEMBRA,X,X,null
291532,2023-05-10,15.0,35.0,HEMBRA,X,X,null
291533,2023-05-10,15.0,35.0,HEMBRA,X,X,null
291534,2023-05-10,15.0,35.0,MACHO,X,Y,null
291535,2023-05-10,15.0,35.0,HEMBRA,X,X,null
298472,2023-05-10,15.0,35.0,MACHO,X,Y,null
298473,2023-05-10,15.0,35.0,MACHO,X,Y,null
298474,2023-05-10,15.0,35.0,MACHO,X,Y,null
298475,2023-05-10,15.0,35.0,HEMBRA,Xmut,X,null
298476,2023-05-10,15.0,35.0,HEMBRA,Xmut,X,null
305413,2023-05-10,15.0,35.0,HEMBRA,X,Xmut,null
305414,2023-05-10,15.0,35.0,HEMBRA,X,Xmut,null
305415,2023-05-10,15.0,35.0,HEMBRA,X,Xmut,null
312352,2023-05-10,15.0,35.0,MACHO,X,Ymut,null
312353,2023-05-10,15.0,35.0,HEMBRA,X,X,null
312354,2023-05-10,15.0,35.0,HEMBRA,Xmut,X,null
312355,2023-05-10,15.0,35.0,MACHO,X,Ymut,null
312356,2023-05-10,15.0,35.0,MACHO,Xmut,Ymut,null
312357,2023-05-10,15.0,35.0,HEMBRA,X,X,null
319294,2023-05-10,15.0,35.0,MACHO,Xmut,Y,null
319295,2023-05-10,15.0,35.0,MACHO,X,Y,null
319296,2023-05-10,15.0,35.0,MACHO,X,Y,null
319297,2023-05-10,15.0,35.0,HEMBRA,Xmut,X,null
319298,2023-05-10,15.0,35.0,MACHO,X,Y,null
319299,2023-05-10,15.0,35.0,MACHO,X,Y,null
326236,2023-05-10,15.0,35.0,HEMBRA,X,X,null
326237,2023-05-10,15.0,35.0,MACHO,Xmut,Y,null
326238,2023-05-10,15.0,35.0,HEMBRA,Xmut,X,null
326239,2023-05-10,15.0,35.0,MACHO,X,Y,null
326240,2023-05-10,15.0,35.0,MACHO,Xmut,Y,null
326241,2023-05-10,15.0,35.0,HEMBRA,Xmut,X,null
326242,2023-05-10,15.0,35.0,MACHO,X,Y,null
326243,2023-05-10,15.0,35.0,HEMBRA,X,X,null
326244,2023-05-10,15.0,35.0,MACHO,X,Y,null
326245,2023-05-10,15.0,35.0,MACHO,X,Y,null
326246,2023-05-10,15.0,35.0,HEMBRA,X,X,null
326247,2023-05-10,15.0,35.0,MACHO,X,Y,null
326248,2023-05-10,15.0,35.0,HEMBRA,X,X,null
326249,2023-05-10,15.0,35.0,MACHO,X,Y,null
326250,2023-05-10,15.0,35.0,HEMBRA,X,X,null
652492,2023-05-10,15.0,35.0,MACHO,X,Y,null
652493,2023-05-10,15.0,35.0,HEMBRA,X,X,null
652494,2023-05-10,15.0,35.0,MACHO,X,Y,null
652495,2023-05-10,15.0,35.0,MACHO,X,Y,null
978737,2023-05-10,15.0,35.0,HEMBRA,X,X,null
978738,2023-05-10,15.0,35.0,MACHO,X,Y,null
978739,2023-05-10,15.0,35.0,MACHO,X,Y,null
978740,2023-05-10,15.0,35.0,MACHO,X,Y,null
978741,2023-05-10,15.0,35.0,MACHO,X,Y,null
1304983,2023-05-10,15.0,35.0,MACHO,X,Y,null
1304984,2023-05-10,15.0,35.0,MACHO,X,Y,null
1304985,2023-05-10,15.0,35.0,HEMBRA,X,X,null
1304986,2023-05-10,15.0,35.0,MACHO,X,Y,null
1304987,2023-05-10,15.0,35.0,HEMBRA,X,X,null
1631229,2023-05-10,15.0,35.0,HEMBRA,X,X,null
1631230,2023-05-10,15.0,35.0,HEMBRA,X,X,null
1631231,2023-05-10,15.0,35.0,MACHO,Xmut,Y,null
1631232,2023-05-10,15.0,35.0,MACHO,Xmut,Y,null
1631233,2023-05-10,15.0,35.0,HEMBRA,X,X,null
1631234,2023-05-10,15.0,35.0,HEMBRA,X,X,null
1957476,2023-05-10,15.0,35.0,HEMBRA,X,X,null
1957477,2023-05-10,15.0,35.0,HEMBRA,Xmut,X,null
1957478,2023-05-10,15.0,35.0,MACHO,Xmut,Y,null
1957479,2023-05-10,15.0,35.0,HEMBRA,X,X,null
1957480,2023-05-10,15.0,35.0,HEMBRA,Xmut,X,null
1957481,2023-05-10,15.0,35.0,MACHO,Xmut,Y,null
2283723,2023-05-10,15.0,35.0,HEMBRA,X,X,null
2283724,2023-05-10,15.0,35.0,HEMBRA,X,X,null
2283725,2023-05-10,15.0,35.0,MACHO,X,Y,null
2283726,2023-05-10,15.0,35.0,HEMBRA,X,X,null
2609968,2023-05-10,15.0,35.0,HEMBRA,X,X,null
2609969,2023-05-10,15.0,35.0,MACHO,X,Y,null
2609970,2023-05-10,15.0,35.0,HEMBRA,X,X,null
2609971,2023-05-10,15.0,35.0,MACHO,X,Y,null
2936213,2023-05-10,15.0,35.0,MACHO,X,Y,null
2936214,2023-05-10,15.0,35.0,HEMBRA,X,Xmut,null
2936215,2023-05-10,15.0,35.0,HEMBRA,X,Xmut,null
2936216,2023-05-10,15.0,35.0,HEMBRA,X,Xmut,null
3262458,2023-05-10,15.0,35.0,MACHO,X,Y,null
3262459,2023-05-10,15.0,35.0,MACHO,X,Y,null
3262460,2023-05-10,15.0,35.0,MACHO,X,Y,null
3262461,2023-05-10,15.0,35.0,MACHO,X,Y,null
3262462,2023-05-10,15.0,35.0,MACHO,X,Y,null
3262463,2023-05-10,15.0,35.0,MACHO,X,Y,null
3262464,2023-05-10,15.0,35.0,HEMBRA,X,X,null
3262465,2023-05-10,15.0,35.0,HEMBRA,X,X,null
3588707,2023-05-10,15.0,35.0,MACHO,X,Y,null
3588708,2023-05-10,15.0,35.0,HEMBRA,X,Xmut,null
3588709,2023-05-10,15.0,35.0,HEMBRA,X,Xmut,null
3914951,2023-05-10,15.0,35.0,HEMBRA,Xmut,X,null
3914952,2023-05-10,15.0,35.0,MACHO,Xmut,Y,null
4241194,2023-05-10,15.0,35.0,MACHO,X,Y,null
4241195,2023-05-10,15.0,35.0,HEMBRA,X,X,null
4241196,2023-05-10,15.0,35.0,MACHO,X,Y,null
4241197,2023-05-10,15.0,35.0,HEMBRA,X,X,null
4241198,2023-05-10,15.0,35.0,MACHO,X,Y,null
4241199,2023-05-10,15.0,35.0,HEMBRA,X,X,null
4241200,2023-05-10,15.0,35.0,MACHO,X,Y,null
4241201,2023-05-10,15.0,35.0,HEMBRA,X,X,null
4567443,2023-05-10,15.0,35.0,HEMBRA,Xmut,X,null
4567444,2023-05-10,15.0,35.0,HEMBRA,Xmut,X,null
4567445,2023-05-10,15.0,35.0,MACHO,Xmut,Y,null
4567446,2023-05-10,15.0,35.0,MACHO,Xmut,Y,null
4567447,2023-05-10,15.0,35.0,MACHO,Xmut,Y,null
4893689,2023-05-10,15.0,35.0,MACHO,X,Y,null
4893690,2023-05-10,15.0,35.0,MACHO,X,Y,null
4893691,2023-05-10,15.0,35.0,MACHO,X,Y,null
5219933,2023-05-10,15.0,35.0,MACHO,X,Y,null
5219934,2023-05-10,15.0,35.0,HEMBRA,X,X,null
5219935,2023-05-10,15.0,35.0,HEMBRA,X,X,null
5219936,2023-05-10,15.0,35.0,HEMBRA,X,X,null
5546178,2023-05-10,15.0,35.0,HEMBRA,X,X,null
5546179,2023-05-10,15.0,35.0,HEMBRA,X,X,null
5546180,2023-05-10,15.0,35.0,HEMBRA,X,X,null
5872422,2023-05-10,15.0,35.0,HEMBRA,X,X,null
5872423,2023-05-10,15.0,35.0,HEMBRA,X,X,null
6198665,2023-05-10,15.0,35.0,MACHO,X,Y,null
6198666,2023-05-10,15.0,35.0,MACHO,X,Y,null
6198667,2023-05-10,15.0,35.0,MACHO,X,Y,null
6198668,2023-05-10,15.0,35.0,MACHO,X,Y,null
6198669,2023-05-10,15.0,35.0,HEMBRA,X,X,null
6198670,2023-05-10,15.0,35.0,HEMBRA,X,X,null
6524912,2023-05-10,15.0,35.0,HEMBRA,X,X,null
6524913,2023-05-10,15.0,35.0,HEMBRA,X,X,null
6524914,2023-05-10,15.0,35.0,HEMBRA,X,X,null
6524915,2023-05-10,15.0,35.0,MACHO,X,Y,null
6524916,2023-05-10,15.0,35.0,MACHO,X,Y,null
6851158,2023-05-10,15.0,35.0,MACHO,Xmut,Y,null
6851159,2023-05-10,15.0,35.0,MACHO,Xmut,Y,null
6851160,2023-05-10,15.0,35.0,HEMBRA,Xmut,X,null
6851161,2023-05-10,15.0,35.0,HEMBRA,X,X,null
7177403,2023-05-10,15.0,35.0,MACHO,Xmut,Y,null
7177404,2023-05-10,15.0,35.0,MACHO,Xmut,Y,null
7177405,2023-05-10,15.0,35.0,HEMBRA,X,Xmut,null
7177406,2023-05-10,15.0,35.0,HEMBRA,Xmut,Xmut,null
7177407,2023-05-10,15.0,35.0,HEMBRA,X,Xmut,null
7503649,2023-05-10,15.0,35.0,MACHO,X,Y,null
7503650,2023-05-10,15.0,35.0,HEMBRA,X,X,null
7503651,2023-05-10,15.0,35.0,HEMBRA,X,X,null
7829893,2023-05-10,15.0,35.0,MACHO,Xmut,Y,null
7829894,2023-05-10,15.0,35.0,HEMBRA,X,X,null
7829895,2023-05-10,15.0,35.0,HEMBRA,X,X,null
7829896,2023-05-10,15.0,35.0,HEMBRA,Xmut,X,null
8156138,2023-05-10,15.0,35.0,MACHO,Xmut,Y,null
8156139,2023-05-10,15.0,35.0,HEMBRA,Xmut,X,null
8156140,2023-05-10,15.0,35.0,HEMBRA,Xmut,X,null
8156141,2023-05-10,15.0,35.0,HEMBRA,Xmut,X,null
8156142,2023-05-10,15.0,35.0,MACHO,Xmut,Y,null
8156143,2023-05-10,15.0,35.0,HEMBRA,X,X,null
8482385,2023-05-10,15.0,35.0,HEMBRA,X,X,null
8482386,2023-05-10,15.0,35.0,HEMBRA,X,X,null
8482387,2023-05-10,15.0,35.0,MACHO,X,Y,null
8482388,2023-05-10,15.0,35.0,MACHO,X,Y,null
8482389,2023-05-10,15.0,35.0,MACHO,X,Y,null
8808631,2023-05-10,15.0,35.0,MACHO,X,Y,null
8808632,2023-05-10,15.0,35.0,MACHO,Xmut,Y,null
8808633,2023-05-10,15.0,35.0,MACHO,X,Y,null
8808634,2023-05-10,15.0,35.0,HEMBRA,X,X,null
8808635,2023-05-10,15.0,35.0,MACHO,Xmut,Y,null
8808636,2023-05-10,15.0,35.0,MACHO,X,Y,null
8808637,2023-05-10,15.0,35.0,MACHO,X,Y,null
8808638,2023-05-10,15.0,35.0,HEMBRA,X,X,null
9134880,2023-05-10,15.0,35.0,HEMBRA,X,Xmut,null
9134881,2023-05-10,15.0,35.0,MACHO,Xmut,Y,null
9134882,2023-05-10,15.0,35.0,MACHO,X,Y,null
9134883,2023-05-10,15.0,35.0,MACHO,X,Y,null
9461125,2023-05-10,15.0,35.0,HEMBRA,Xmut,Xmut,null
9461126,2023-05-10,15.0,35.0,MACHO,X,Y,null
9461127,2023-05-10,15.0,35.0,MACHO,X,Y,null
9461128,2023-05-10,15.0,35.0,HEMBRA,X,Xmut,null
9787370,2023-05-10,15.0,35.0,HEMBRA,X,Xmut,null
9787371,2023-05-10,15.0,35.0,HEMBRA,X,Xmut,null
9787372,2023-05-10,15.0,35.0,MACHO,Xmut,Y,null
10113614,2023-05-10,15.0,35.0,MACHO,X,Y,null
10113615,2023-05-10,15.0,35.0,HEMBRA,X,X,null
10439857,2023-05-10,15.0,35.0,HEMBRA,X,X,null
10439858,2023-05-10,15.0,35.0,MACHO,X,Y,null
10439859,2023-05-10,15.0,35.0,HEMBRA,X,X,null
10766101,2023-05-10,15.0,35.0,HEMBRA,X,X,null
10766102,2023-05-10,15.0,35.0,MACHO,X,Y,null
10766103,2023-05-10,15.0,35.0,HEMBRA,X,X,null
10766104,2023-05-10,15.0,35.0,HEMBRA,X,X,null
10766105,2023-05-10,15.0,35.0,MACHO,X,Y,null
11092347,2023-05-10,15.0,35.0,MACHO,X,Y,null
11092348,2023-05-10,15.0,35.0,MACHO,X,Y,null
11092349,2023-05-10,15.0,35.0,HEMBRA,X,X,null
11092350,2023-05-10,15.0,35.0,HEMBRA,X,X,null
11092351,2023-05-10,15.0,35.0,MACHO,X,Y,null
11092352,2023-05-10,15.0,35.0,MACHO,X,Y,null
11092353,2023-05-10,15.0,35.0,HEMBRA,X,X,null
11418595,2023-05-10,15.0,35.0,MACHO,X,Y,null
11418596,2023-05-10,15.0,35.0,HEMBRA,X,X,null
11418597,2023-05-10,15.0,35.0,HEMBRA,X,X,null
11418598,2023-05-10,15.0,35.0,HEMBRA,X,X,null
11418599,2023-05-10,15.0,35.0,HEMBRA,X,X,null
11418600,2023-05-10,15.0,35.0,HEMBRA,X,X,null
11744842,2023-05-10,15.0,35.0,MACHO,X,Y,null
11744843,2023-05-10,15.0,35.0,MACHO,X,Y,null
11744844,2023-05-10,15.0,35.0,HEMBRA,X,X,null
11744845,2023-05-10,15.0,35.0,HEMBRA,X,X,null
11744846,2023-05-10,15.0,35.0,HEMBRA,X,X,null
11744847,2023-05-10,15.0,35.0,HEMBRA,X,X,null
11744848,2023-05-10,15.0,35.0,HEMBRA,X,X,null
11744849,2023-05-10,15.0,35.0,HEMBRA,X,X,null
12071091,2023-05-10,15.0,35.0,MACHO,X,Y,null
12071092,2023-05-10,15.0,35.0,MACHO,X,Y,null
12071093,2023-05-10,15.0,35.0,MACHO,X,Y,null
12071094,2023-05-10,15.0,35.0,MACHO,X,Y,null
12071095,2023-05-10,15.0,35.0,MACHO,X,Y,null
12071096,2023-05-10,15.0,35.0,HEMBRA,X,X,null
12071097,2023-05-10,15.0,35.0,MACHO,X,Y,null
12071098,2023-05-10,15.0,35.0,HEMBRA,X,X,null
12397340,2023-05-10,15.0,35.0,MACHO,X,Y,null
12397341,2023-05-10,15.0,35.0,MACHO,X,Y,null
12723583,2023-05-10,15.0,35.0,HEMBRA,X,X,null
12723584,2023-05-10,15.0,35.0,HEMBRA,X,X,null
12723585,2023-05-10,15.0,35.0,HEMBRA,X,X,null
12723586,2023-05-10,15.0,35.0,MACHO,X,Y,null
12723587,2023-05-10,15.0,35.0,HEMBRA,X,X,null
12723588,2023-05-10,15.0,35.0,HEMBRA,X,X,null
13049830,2023-05-10,15.0,35.0,HEMBRA,X,X,null
13049831,2023-05-10,15.0,35.0,MACHO,X,Y,null
13049832,2023-05-10,15.0,35.0,MACHO,X,Y,null
13049833,2023-05-10,15.0,35.0,MACHO,X,Y,null
13049834,2023-05-10,15.0,35.0,MACHO,X,Y,null
13049835,2023-05-10,15.0,35.0,MACHO,X,Y,null
13049836,2023-05-10,15.0,35.0,HEMBRA,X,X,null
13049837,2023-05-10,15.0,35.0,HEMBRA,X,X,null
13049838,2023-05-10,15.0,35.0,MACHO,X,Y,null
13376080,2023-05-10,15.0,35.0,MACHO,X,Y,null
13376081,2023-05-10,15.0,35.0,HEMBRA,X,X,null
13376082,2023-05-10,15.0,35.0,MACHO,X,Y,null
13376083,2023-05-10,15.0,35.0,HEMBRA,X,X,null
13376084,2023-05-10,15.0,35.0,MACHO,X,Y,null
13702326,2023-05-10,15.0,35.0,MACHO,X,Y,null
13702327,2023-05-10,15.0,35.0,MACHO,Xmut,Y,null
13702328,2023-05-10,15.0,35.0,HEMBRA,Xmut,X,null
13702329,2023-05-10,15.0,35.0,MACHO,X,Y,null
13702330,2023-05-10,15.0,35.0,MACHO,X,Y,null
13702331,2023-05-10,15.0,35.0,MACHO,Xmut,Y,null
13702332,2023-05-10,15.0,35.0,HEMBRA,X,X,null
14028574,2023-05-10,15.0,35.0,MACHO,Xmut,Y,null
14028575,2023-05-10,15.0,35.0,HEMBRA,X,Xmut,null
14028576,2023-05-10,15.0,35.0,HEMBRA,X,Xmut,null
14028577,2023-05-10,15.0,35.0,HEMBRA,X,Xmut,null
14354819,2023-05-10,15.0,35.0,MACHO,X,Y,null
14354820,2023-05-10,15.0,35.0,HEMBRA,X,X,null
14354821,2023-05-10,15.0,35.0,HEMBRA,X,X,null
14354822,2023-05-10,15.0,35.0,HEMBRA,X,X,null
14354823,2023-05-10,15.0,35.0,MACHO,X,Y,null
14681065,2023-05-10,15.0,35.0,MACHO,Xmut,Y,null
14681066,2023-05-10,15.0,35.0,HEMBRA,X,Xmut,null
14681067,2023-05-10,15.0,35.0,MACHO,X,Y,null
14681068,2023-05-10,15.0,35.0,HEMBRA,Xmut,Xmut,null
14681069,2023-05-10,15.0,35.0,HEMBRA,Xmut,Xmut,null
15007311,2023-05-10,15.0,35.0,HEMBRA,X,X,null
15007312,2023-05-10,15.0,35.0,MACHO,X,Y,null
15333554,2023-05-10,15.0,35.0,MACHO,X,Y,null
15333555,2023-05-10,15.0,35.0,MACHO,X,Y,null
15333556,2023-05-10,15.0,35.0,MACHO,X,Y,null
15333557,2023-05-10,15.0,35.0,HEMBRA,X,X,null
15333558,2023-05-10,15.0,35.0,MACHO,X,Y,null
15333559,2023-05-10,15.0,35.0,MACHO,X,Y,null
15333560,2023-05-10,15.0,35.0,MACHO,X,Y,null
15659802,2023-05-10,15.0,35.0,HEMBRA,X,X,null
15659803,2023-05-10,15.0,35.0,MACHO,X,Y,null
15659804,2023-05-10,15.0,35.0,HEMBRA,X,X,null
15659805,2023-05-10,15.0,35.0,HEMBRA,X,X,null
15659806,2023-05-10,15.0,35.0,MACHO,X,Y,null
15659807,2023-05-10,15.0,35.0,HEMBRA,X,X,null
15659808,2023-05-10,15.0,35.0,MACHO,X,Y,null
15659809,2023-05-10,15.0,35.0,HEMBRA,X,X,null
15659810,2023-05-10,15.0,35.0,HEMBRA,X,X,null
15986052,2023-05-10,15.0,35.0,HEMBRA,X,X,null
15986053,2023-05-10,15.0,35.0,MACHO,X,Y,null
15986054,2023-05-10,15.0,35.0,MACHO,X,Y,null
15986055,2023-05-10,15.0,35.0,HEMBRA,X,X,null
15986056,2023-05-10,15.0,35.0,HEMBRA,Xmut,X,null
16312298,2023-05-10,15.0,35.0,HEMBRA,Xmut,X,null
16312299,2023-05-10,15.0,35.0,MACHO,X,Y,null
16312300,2023-05-10,15.0,35.0,MACHO,Xmut,Y,null
16312301,2023-05-10,15.0,35.0,MACHO,Xmut,Y,null
16312302,2023-05-10,15.0,35.0,HEMBRA,Xmut,X,null
16312303,2023-05-10,15.0,35.0,HEMBRA,X,X,null
16312304,2023-05-10,15.0,35.0,MACHO,X,Y,null
16312305,2023-05-10,15.0,35.0,MACHO,X,Y,null
16638547,2023-05-10,15.0,35.0,HEMBRA,X,Xmut,null
16638548,2023-05-10,15.0,35.0,HEMBRA,X,Xmut,null
16964790,2023-05-10,15.0,35.0,HEMBRA,X,Xmut,null
16964791,2023-05-10,15.0,35.0,MACHO,X,Y,null
17291033,2023-05-10,15.0,35.0,MACHO,X,Y,null
17291034,2023-05-10,15.0,35.0,MACHO,X,Y,null
17291035,2023-05-10,15.0,35.0,HEMBRA,X,X,null
17617277,2023-05-10,15.0,35.0,MACHO,X,Y,null
17617278,2023-05-10,15.0,35.0,MACHO,X,Y,null
17617279,2023-05-10,15.0,35.0,HEMBRA,X,X,null
17617280,2023-05-10,15.0,35.0,MACHO,X,Y,null
17617281,2023-05-10,15.0,35.0,MACHO,X,Y,null
17617282,2023-05-10,15.0,35.0,HEMBRA,X,X,null
17617283,2023-05-10,15.0,35.0,MACHO,X,Y,null
17617284,2023-05-10,15.0,35.0,HEMBRA,X,X,null
17617285,2023-05-10,15.0,35.0,MACHO,X,Y,null
17943527,2023-05-10,15.0,35.0,HEMBRA,X,X,null
17943528,2023-05-10,15.0,35.0,MACHO,X,Y,null
17943529,2023-05-10,15.0,35.0,MACHO,X,Y,null
17943530,2023-05-10,15.0,35.0,MACHO,X,Y,null
17943531,2023-05-10,15.0,35.0,MACHO,X,Y,null
17943532,2023-05-10,15.0,35.0,MACHO,X,Y,null
18269774,2023-05-10,15.0,35.0,HEMBRA,X,Xmut,null
18269775,2023-05-10,15.0,35.0,HEMBRA,X,Xmut,null
18269776,2023-05-10,15.0,35.0,HEMBRA,X,Xmut,null
18269777,2023-05-10,15.0,35.0,HEMBRA,Xmut,Xmut,null
18269778,2023-05-10,15.0,35.0,MACHO,Xmut,Y,null
18596020,2023-05-10,15.0,35.0,MACHO,X,Y,null
18596021,2023-05-10,15.0,35.0,HEMBRA,X,X,null
18596022,2023-05-10,15.0,35.0,HEMBRA,X,X,null
18922264,2023-05-10,15.0,35.0,HEMBRA,Xmut,X,null
18922265,2023-05-10,15.0,35.0,HEMBRA,Xmut,X,null
18922266,2023-05-10,15.0,35.0,HEMBRA,X,X,null
18922267,2023-05-10,15.0,35.0,MACHO,X,Y,null
18922268,2023-05-10,15.0,35.0,MACHO,Xmut,Y,null
18922269,2023-05-10,15.0,35.0,MACHO,X,Y,null
18922270,2023-05-10,15.0,35.0,MACHO,X,Y,null
18922271,2023-05-10,15.0,35.0,HEMBRA,Xmut,X,null
19248513,2023-05-10,15.0,35.0,MACHO,X,Y,null
19248514,2023-05-10,15.0,35.0,HEMBRA,X,X,null
19248515,2023-05-10,15.0,35.0,MACHO,X,Y,null
19574757,2023-05-10,15.0,35.0,MACHO,X,Y,null
19574758,2023-05-10,15.0,35.0,MACHO,Xmut,Y,null
19574759,2023-05-10,15.0,35.0,HEMBRA,X,X,null
19574760,2023-05-10,15.0,35.0,HEMBRA,Xmut,X,null
19574761,2023-05-10,15.0,35.0,HEMBRA,Xmut,X,null
19574762,2023-05-10,15.0,35.0,MACHO,X,Y,null
19901004,2023-05-10,15.0,35.0,MACHO,Xmut,Y,null
19901005,2023-05-10,15.0,35.0,MACHO,X,Y,null
19901006,2023-05-10,15.0,35.0,HEMBRA,Xmut,X,null
19901007,2023-05-10,15.0,35.0,HEMBRA,X,X,null
19901008,2023-05-10,15.0,35.0,MACHO,X,Y,null
19901009,2023-05-10,15.0,35.0,MACHO,Xmut,Y,null
20227251,2023-05-10,15.0,35.0,MACHO,X,Y,null
20227252,2023-05-10,15.0,35.0,MACHO,X,Y,null
20227253,2023-05-10,15.0,35.0,HEMBRA,X,X,null
20553495,2023-05-10,15.0,35.0,MACHO,X,Y,null
20553496,2023-05-10,15.0,35.0,MACHO,X,Y,null
20553497,2023-05-10,15.0,35.0,HEMBRA,X,Xmut,null
20553498,2023-05-10,15.0,35.0,HEMBRA,X,Xmut,null
20879740,2023-05-10,15.0,35.0,MACHO,Xmut,Y,null
20879741,2023-05-10,15.0,35.0,MACHO,X,Y,null
20879742,2023-05-10,15.0,35.0,HEMBRA,X,X,null
20879743,2023-05-10,15.0,35.0,HEMBRA,X,X,null
20879744,2023-05-10,15.0,35.0,HEMBRA,Xmut,X,null
20879745,2023-05-10,15.0,35.0,MACHO,X,Y,null
20879746,2023-05-10,15.0,35.0,MACHO,X,Y,null
21205988,2023-05-10,15.0,35.0,HEMBRA,X,X,null
21205989,2023-05-10,15.0,35.0,MACHO,X,Y,null
21205990,2023-05-10,15.0,35.0,HEMBRA,X,X,null
21532232,2023-05-10,15.0,35.0,MACHO,Xmut,Y,null
21532233,2023-05-10,15.0,35.0,MACHO,X,Y,null
21532234,2023-05-10,15.0,35.0,MACHO,Xmut,Y,null
21532235,2023-05-10,15.0,35.0,HEMBRA,Xmut,X,null
21532236,2023-05-10,15.0,35.0,HEMBRA,Xmut,X,null
21532237,2023-05-10,15.0,35.0,MACHO,Xmut,Y,null
21858479,2023-05-10,15.0,35.0,HEMBRA,Xmut,X,null
21858480,2023-05-10,15.0,35.0,MACHO,Xmut,Y,null
21858481,2023-05-10,15.0,35.0,HEMBRA,X,X,null
21858482,2023-05-10,15.0,35.0,HEMBRA,X,X,null
21858483,2023-05-10,15.0,35.0,MACHO,X,Y,null
22184725,2023-05-10,15.0,35.0,HEMBRA,X,X,null
22184726,2023-05-10,15.0,35.0,MACHO,X,Y,null
22184727,2023-05-10,15.0,35.0,MACHO,Xmut,Y,null
22184728,2023-05-10,15.0,35.0,MACHO,X,Y,null
22510970,2023-05-10,15.0,35.0,MACHO,X,Y,null
22510971,2023-05-10,15.0,35.0,HEMBRA,X,X,null
22510972,2023-05-10,15.0,35.0,MACHO,X,Y,null
22510973,2023-05-10,15.0,35.0,HEMBRA,X,X,null
22510974,2023-05-10,15.0,35.0,HEMBRA,X,X,null
22510975,2023-05-10,15.0,35.0,MACHO,X,Y,null
22510976,2023-05-10,15.0,35.0,HEMBRA,X,X,null
22837218,2023-05-10,15.0,35.0,MACHO,X,Y,null
22837219,2023-05-10,15.0,35.0,HEMBRA,X,X,null
22837220,2023-05-10,15.0,35.0,HEMBRA,X,X,null
22837221,2023-05-10,15.0,35.0,HEMBRA,X,X,null
22837222,2023-05-10,15.0,35.0,MACHO,X,Y,null
23163464,2023-05-10,15.0,35.0,MACHO,X,Y,null
23163465,2023-05-10,15.0,35.0,HEMBRA,X,X,null
23163466,2023-05-10,15.0,35.0,HEMBRA,X,X,null
23163467,2023-05-10,15.0,35.0,MACHO,X,Y,null
23163468,2023-05-10,15.0,35.0,MACHO,X,Y,null
23163469,2023-05-10,15.0,35.0,HEMBRA,X,X,null
23163470,2023-05-10,15.0,35.0,HEMBRA,X,X,null
23163471,2023-05-10,15.0,35.0,HEMBRA,X,X,null
23163472,2023-05-10,15.0,35.0,MACHO,X,Y,null
23489714,2023-05-10,15.0,35.0,HEMBRA,X,X,null
23489715,2023-05-10,15.0,35.0,HEMBRA,X,X,null
23489716,2023-05-10,15.0,35.0,MACHO,X,Y,null
23489717,2023-05-10,15.0,35.0,MACHO,X,Y,null
23815959,2023-05-10,15.0,35.0,MACHO,X,Y,null
23815960,2023-05-10,15.0,35.0,HEMBRA,X,Xmut,null
23815961,2023-05-10,15.0,35.0,HEMBRA,X,Xmut,null
23815962,2023-05-10,15.0,35.0,HEMBRA,X,Xmut,null
24142204,2023-05-10,15.0,35.0,HEMBRA,X,X,null
24142205,2023-05-10,15.0,35.0,MACHO,X,Y,null
24142206,2023-05-10,15.0,35.0,MACHO,X,Y,null
24142207,2023-05-10,15.0,35.0,HEMBRA,X,X,null
24142208,2023-05-10,15.0,35.0,HEMBRA,X,X,null
24142209,2023-05-10,15.0,35.0,MACHO,X,Y,null
24142210,2023-05-10,15.0,35.0,HEMBRA,X,X,null
24142211,2023-05-10,15.0,35.0,MACHO,X,Y,null
24142212,2023-05-10,15.0,35.0,HEMBRA,X,X,null
24468454,2023-05-10,15.0,35.0,HEMBRA,X,X,null
24468455,2023-05-10,15.0,35.0,HEMBRA,X,X,null
24468456,2023-05-10,15.0,35.0,MACHO,X,Y,null
24468457,2023-05-10,15.0,35.0,MACHO,X,Y,null
24794699,2023-05-10,15.0,35.0,HEMBRA,X,X,null
24794700,2023-05-10,15.0,35.0,HEMBRA,X,X,null
24794701,2023-05-10,15.0,35.0,MACHO,X,Y,null
24794702,2023-05-10,15.0,35.0,HEMBRA,Xmut,X,null
24794703,2023-05-10,15.0,35.0,MACHO,Xmut,Y,null
24794704,2023-05-10,15.0,35.0,HEMBRA,Xmut,X,null
25120946,2023-05-10,15.0,35.0,HEMBRA,X,X,null
25120947,2023-05-10,15.0,35.0,MACHO,X,Y,null
25120948,2023-05-10,15.0,35.0,MACHO,Xmut,Y,null
25120949,2023-05-10,15.0,35.0,MACHO,Xmut,Y,null
25120950,2023-05-10,15.0,35.0,MACHO,Xmut,Y,null
25447192,2023-05-10,15.0,35.0,HEMBRA,X,X,null
25447193,2023-05-10,15.0,35.0,HEMBRA,X,X,null
25447194,2023-05-10,15.0,35.0,MACHO,X,Y,null
25447195,2023-05-10,15.0,35.0,HEMBRA,X,X,null
25447196,2023-05-10,15.0,35.0,HEMBRA,X,X,null
25447197,2023-05-10,15.0,35.0,HEMBRA,X,X,null
25447198,2023-05-10,15.0,35.0,HEMBRA,X,X,null
25447199,2023-05-10,15.0,35.0,HEMBRA,X,X,null
25773441,2023-05-10,15.0,35.0,HEMBRA,Xmut,X,null
25773442,2023-05-10,15.0,35.0,MACHO,Xmut,Y,null
25773443,2023-05-10,15.0,35.0,MACHO,Xmut,Y,null
26099685,2023-05-10,15.0,35.0,HEMBRA,X,X,null
26099686,2023-05-10,15.0,35.0,HEMBRA,X,X,null
26099687,2023-05-10,15.0,35.0,HEMBRA,X,X,null
26099688,2023-05-10,15.0,35.0,MACHO,X,Y,null
26099689,2023-05-10,15.0,35.0,MACHO,X,Y,null
26099690,2023-05-10,15.0,35.0,MACHO,X,Y,null
26425932,2023-05-10,15.0,35.0,MACHO,Xmut,Y,null
26425933,2023-05-10,15.0,35.0,HEMBRA,Xmut,X,null
26425934,2023-05-10,15.0,35.0,HEMBRA,X,X,null
26425935,2023-05-10,15.0,35.0,HEMBRA,Xmut,X,null
26425936,2023-05-10,15.0,35.0,HEMBRA,Xmut,X,null
26425937,2023-05-10,15.0,35.0,MACHO,Xmut,Y,null
26425938,2023-05-10,15.0,35.0,HEMBRA,X,X,null
26425939,2023-05-10,15.0,35.0,HEMBRA,X,X,null
26752181,2023-05-10,15.0,35.0,HEMBRA,X,Xmut,null
26752182,2023-05-10,15.0,35.0,HEMBRA,X,Xmut,null
26752183,2023-05-10,15.0,35.0,MACHO,X,Y,null
26752184,2023-05-10,15.0,35.0,MACHO,X,Y,null
27078426,2023-05-10,15.0,35.0,HEMBRA,X,X,null
27078427,2023-05-10,15.0,35.0,HEMBRA,Xmut,X,null
27078428,2023-05-10,15.0,35.0,MACHO,Xmut,Ymut,null
27078429,2023-05-10,15.0,35.0,HEMBRA,Xmut,X,null
27078430,2023-05-10,15.0,35.0,MACHO,Xmut,Ymut,null
27404672,2023-05-10,15.0,35.0,MACHO,Xmut,Y,null
27404673,2023-05-10,15.0,35.0,HEMBRA,X,X,null
27404674,2023-05-10,15.0,35.0,HEMBRA,X,X,null
27404675,2023-05-10,15.0,35.0,MACHO,X,Y,null
27404676,2023-05-10,15.0,35.0,MACHO,X,Y,null
27404677,2023-05-10,15.0,35.0,MACHO,X,Y,null
27404678,2023-05-10,15.0,35.0,MACHO,Xmut,Y,null
27404679,2023-05-10,15.0,35.0,MACHO,X,Y,null
27404680,2023-05-10,15.0,35.0,HEMBRA,Xmut,X,null
27404681,2023-05-10,15.0,35.0,MACHO,X,Y,null
27404682,2023-05-10,15.0,35.0,MACHO,X,Y,null
27404683,2023-05-10,15.0,35.0,MACHO,Xmut,Y,null
27404684,2023-05-10,15.0,35.0,MACHO,X,Y,null
27404685,2023-05-10,15.0,35.0,MACHO,Xmut,Y,null
54809366,2023-05-10,15.0,35.0,HEMBRA,X,X,null
54809367,2023-05-10,15.0,35.0,MACHO,Xmut,Y,null
82214048,2023-05-10,15.0,35.0,MACHO,X,Y,null
82214049,2023-05-10,15.0,35.0,MACHO,X,Y,null
82214050,2023-05-10,15.0,35.0,MACHO,X,Y,null
82214051,2023-05-10,15.0,35.0,MACHO,X,Y,null
82214052,2023-05-10,15.0,35.0,HEMBRA,X,Xmut,null
109618733,2023-05-10,15.0,35.0,MACHO,X,Y,null
109618734,2023-05-10,15.0,35.0,HEMBRA,X,X,null
109618735,2023-05-10,15.0,35.0,MACHO,X,Y,null
109618736,2023-05-10,15.0,35.0,HEMBRA,Xmut,X,null
109618737,2023-05-10,15.0,35.0,HEMBRA,X,X,null
137023418,2023-05-10,15.0,35.0,MACHO,X,Y,null
137023419,2023-05-10,15.0,35.0,HEMBRA,X,X,null
137023420,2023-05-10,15.0,35.0,MACHO,X,Y,null
137023421,2023-05-10,15.0,35.0,HEMBRA,X,X,null
137023422,2023-05-10,15.0,35.0,MACHO,X,Y,null
164428103,2023-05-10,15.0,35.0,HEMBRA,Xmut,X,null
164428104,2023-05-10,15.0,35.0,MACHO,X,Y,null
164428105,2023-05-10,15.0,35.0,MACHO,X,Y,null
164428106,2023-05-10,15.0,35.0,HEMBRA,Xmut,X,null
164428107,2023-05-10,15.0,35.0,MACHO,X,Y,null
164428108,2023-05-10,15.0,35.0,HEMBRA,Xmut,X,null
164428109,2023-05-10,15.0,35.0,HEMBRA,Xmut,X,null
164428110,2023-05-10,15.0,35.0,MACHO,Xmut,Y,null
191832791,2023-05-10,15.0,35.0,HEMBRA,X,X,null
191832792,2023-05-10,15.0,35.0,MACHO,X,Y,null
191832793,2023-05-10,15.0,35.0,HEMBRA,X,X,null
191832794,2023-05-10,15.0,35.0,MACHO,X,Y,null
219237475,2023-05-10,15.0,35.0,MACHO,Xmut,Y,null
219237476,2023-05-10,15.0,35.0,HEMBRA,Xmut,Xmut,null
246642157,2023-05-10,15.0,35.0,MACHO,Xmut,Ymut,null
246642158,2023-05-10,15.0,35.0,HEMBRA,X,Xmut,null
246642159,2023-05-10,15.0,35.0,MACHO,Xmut,Ymut,null
246642160,2023-05-10,15.0,35.0,HEMBRA,X,Xmut,null
246642161,2023-05-10,15.0,35.0,HEMBRA,Xmut,Xmut,null
274046842,2023-05-10,15.0,35.0,MACHO,X,Ymut,null
274046843,2023-05-10,15.0,35.0,HEMBRA,X,X,null
274046844,2023-05-10,15.0,35.0,MACHO,X,Ymut,null
274046845,2023-05-10,15.0,35.0,HEMBRA,X,X,null
274046846,2023-05-10,15.0,35.0,MACHO,X,Ymut,null
274046847,2023-05-10,15.0,35.0,HEMBRA,X,X,null
274046848,2023-05-10,15.0,35.0,MACHO,X,Ymut,null
274046849,2023-05-10,15.0,35.0,HEMBRA,X,X,null
274046850,2023-05-10,15.0,35.0,HEMBRA,X,X,null
274046851,2023-05-10,15.0,35.0,HEMBRA,X,X,null
274046852,2023-05-10,15.0,35.0,HEMBRA,X,X,null
274046853,2023-05-10,15.0,35.0,HEMBRA,Xmut,X,null
274046854,2023-05-10,15.0,35.0,MACHO,X,Ymut,null
274046855,2023-05-10,15.0,35.0,HEMBRA,Xmut,X,null
274046856,2023-05-10,15.0,35.0,HEMBRA,X,X,null
274046857,2023-05-10,15.0,35.0,HEMBRA,X,X,null
274046858,2023-05-10,15.0,35.0,MACHO,Xmut,Ymut,null
274046859,2023-05-10,15.0,35.0,MACHO,X,Ymut,null
274046860,2023-05-10,15.0,35.0,MACHO,X,Ymut,null
274046861,2023-05-10,15.0,35.0,HEMBRA,Xmut,X,null
274046862,2023-05-10,15.0,35.0,MACHO,Xmut,Ymut,null
274046863,2023-05-10,15.0,35.0,HEMBRA,Xmut,X,null
274046864,2023-05-10,15.0,35.0,HEMBRA,X,X,null
274046865,2023-05-10,15.0,35.0,MACHO,Xmut,Ymut,null
274046866,2023-05-10,15.0,35.0,MACHO,Xmut,Ymut,null
274046867,2023-05-10,15.0,35.0,MACHO,X,Ymut,null
274046868,2023-05-10,15.0,35.0,MACHO,Xmut,Ymut,null
274046869,2023-05-10,15.0,35.0,HEMBRA,X,X,null
274046870,2023-05-10,15.0,35.0,MACHO,X,Ymut,null
301451551,2023-05-10,15.0,35.0,HEMBRA,X,X,null
301451552,2023-05-10,15.0,35.0,MACHO,X,Ymut,null
301451553,2023-05-10,15.0,35.0,MACHO,X,Ymut,null
301451554,2023-05-10,15.0,35.0,HEMBRA,X,X,null
301451555,2023-05-10,15.0,35.0,HEMBRA,X,X,null
301451556,2023-05-10,15.0,35.0,HEMBRA,X,X,null
301451557,2023-05-10,15.0,35.0,HEMBRA,X,X,null
301451558,2023-05-10,15.0,35.0,HEMBRA,X,X,null
301451559,2023-05-10,15.0,35.0,HEMBRA,X,X,null
328856240,2023-05-10,15.0,35.0,HEMBRA,X,X,null
328856241,2023-05-10,15.0,35.0,HEMBRA,X,X,null
328856242,2023-05-10,15.0,35.0,MACHO,X,Y,null
328856243,2023-05-10,15.0,35.0,MACHO,X,Y,null
356260924,2023-05-10,15.0,35.0,MACHO,X,Y,null
356260925,2023-05-10,15.0,35.0,HEMBRA,X,X,null
356260926,2023-05-10,15.0,35.0,HEMBRA,X,X,null
356260927,2023-05-10,15.0,35.0,HEMBRA,X,X,null
356260928,2023-05-10,15.0,35.0,HEMBRA,X,X,null
383665609,2023-05-10,15.0,35.0,MACHO,X,Y,null
383665610,2023-05-10,15.0,35.0,HEMBRA,X,X,null
383665611,2023-05-10,15.0,35.0,MACHO,X,Y,null
383665612,2023-05-10,15.0,35.0,HEMBRA,Xmut,X,null
383665613,2023-05-10,15.0,35.0,HEMBRA,X,X,null
383665614,2023-05-10,15.0,35.0,MACHO,X,Y,null
383665615,2023-05-10,15.0,35.0,HEMBRA,Xmut,X,null
411070296,2023-05-10,15.0,35.0,MACHO,X,Y,null
411070297,2023-05-10,15.0,35.0,HEMBRA,X,X,null
411070298,2023-05-10,15.0,35.0,HEMBRA,X,X,null
411070299,2023-05-10,15.0,35.0,HEMBRA,X,X,null
411070300,2023-05-10,15.0,35.0,HEMBRA,X,X,null
411070301,2023-05-10,15.0,35.0,HEMBRA,X,X,null
411070302,2023-05-10,15.0,35.0,MACHO,X,Y,null
411070303,2023-05-10,15.0,35.0,MACHO,X,Y,null
438474984,2023-05-10,15.0,35.0,MACHO,X,Y,null
438474985,2023-05-10,15.0,35.0,MACHO,X,Y,null
438474986,2023-05-10,15.0,35.0,HEMBRA,X,Xmut,null
465879667,2023-05-10,15.0,35.0,HEMBRA,X,Xmut,null
465879668,2023-05-10,15.0,35.0,HEMBRA,X,Xmut,null
465879669,2023-05-10,15.0,35.0,MACHO,X,Y,null
465879670,2023-05-10,15.0,35.0,HEMBRA,X,Xmut,null
493284351,2023-05-10,15.0,35.0,MACHO,Xmut,Y,null
493284352,2023-05-10,15.0,35.0,MACHO,Xmut,Y,null
493284353,2023-05-10,15.0,35.0,HEMBRA,Xmut,X,null
493284354,2023-05-10,15.0,35.0,MACHO,X,Y,null
520689035,2023-05-10,15.0,35.0,MACHO,X,Y,null
520689036,2023-05-10,15.0,35.0,HEMBRA,X,Xmut,null
520689037,2023-05-10,15.0,35.0,MACHO,X,Y,null
520689038,2023-05-10,15.0,35.0,MACHO,X,Y,null
520689039,2023-05-10,15.0,35.0,HEMBRA,X,Xmut,null
548093720,2023-05-10,15.0,35.0,MACHO,Xmut,Y,null
548093721,2023-05-10,15.0,35.0,MACHO,Xmut,Y,null
548093722,2023-05-10,15.0,35.0,MACHO,Xmut,Y,null
548093723,2023-05-10,15.0,35.0,HEMBRA,Xmut,X,null
548093724,2023-05-10,15.0,35.0,HEMBRA,X,X,null
575498405,2023-05-10,15.0,35.0,HEMBRA,X,X,null
575498406,2023-05-10,15.0,35.0,MACHO,X,Y,null
575498407,2023-05-10,15.0,35.0,HEMBRA,X,X,null
575498408,2023-05-10,15.0,35.0,MACHO,X,Y,null
575498409,2023-05-10,15.0,35.0,HEMBRA,X,X,null
602903090,2023-05-10,15.0,35.0,MACHO,X,Y,null
602903091,2023-05-10,15.0,35.0,HEMBRA,X,X,null
602903092,2023-05-10,15.0,35.0,MACHO,X,Y,null
602903093,2023-05-10,15.0,35.0,HEMBRA,X,X,null
602903094,2023-05-10,15.0,35.0,MACHO,X,Y,null
602903095,2023-05-10,15.0,35.0,HEMBRA,X,X,null
602903096,2023-05-10,15.0,35.0,MACHO,X,Y,null
602903097,2023-05-10,15.0,35.0,HEMBRA,X,X,null
630307778,2023-05-10,15.0,35.0,HEMBRA,X,X,null
630307779,2023-05-10,15.0,35.0,HEMBRA,X,X,null
630307780,2023-05-10,15.0,35.0,MACHO,X,Y,null
630307781,2023-05-10,15.0,35.0,MACHO,X,Y,null
630307782,2023-05-10,15.0,35.0,MACHO,X,Y,null
630307783,2023-05-10,15.0,35.0,HEMBRA,X,X,null
630307784,2023-05-10,15.0,35.0,HEMBRA,X,X,null
630307785,2023-05-10,15.0,35.0,HEMBRA,X,X,null
630307786,2023-05-10,15.0,35.0,HEMBRA,X,X,null
657712467,2023-05-10,15.0,35.0,HEMBRA,X,X,null
657712468,2023-05-10,15.0,35.0,HEMBRA,X,X,null
657712469,2023-05-10,15.0,35.0,HEMBRA,X,X,null
657712470,2023-05-10,15.0,35.0,HEMBRA,X,X,null
657712471,2023-05-10,15.0,35.0,HEMBRA,X,X,null
657712472,2023-05-10,15.0,35.0,HEMBRA,X,X,null
657712473,2023-05-10,15.0,35.0,MACHO,X,Y,null
657712474,2023-05-10,15.0,35.0,HEMBRA,X,X,null
657712475,2023-05-10,15.0,35.0,HEMBRA,X,X,null
685117156,2023-05-10,15.0,35.0,HEMBRA,X,X,null
685117157,2023-05-10,15.0,35.0,HEMBRA,X,X,null
685117158,2023-05-10,15.0,35.0,MACHO,X,Y,null
685117159,2023-05-10,15.0,35.0,MACHO,X,Y,null
685117160,2023-05-10,15.0,35.0,MACHO,X,Y,null
712521841,2023-05-10,15.0,35.0,HEMBRA,X,X,null
712521842,2023-05-10,15.0,35.0,HEMBRA,X,X,null
712521843,2023-05-10,15.0,35.0,HEMBRA,X,X,null
739926524,2023-05-10,15.0,35.0,HEMBRA,X,X,null
739926525,2023-05-10,15.0,35.0,MACHO,X,Y,null
739926526,2023-05-10,15.0,35.0,HEMBRA,X,X,null
739926527,2023-05-10,15.0,35.0,HEMBRA,X,X,null
767331208,2023-05-10,15.0,35.0,MACHO,X,Y,null
767331209,2023-05-10,15.0,35.0,HEMBRA,X,X,null
767331210,2023-05-10,15.0,35.0,MACHO,X,Y,null
767331211,2023-05-10,15.0,35.0,HEMBRA,X,X,null
767331212,2023-05-10,15.0,35.0,HEMBRA,X,X,null
794735893,2023-05-10,15.0,35.0,HEMBRA,Xmut,X,null
794735894,2023-05-10,15.0,35.0,HEMBRA,X,X,null
794735895,2023-05-10,15.0,35.0,MACHO,Xmut,Y,null
794735896,2023-05-10,15.0,35.0,MACHO,Xmut,Y,null
794735897,2023-05-10,15.0,35.0,HEMBRA,Xmut,X,null
822140578,2023-05-10,15.0,35.0,HEMBRA,Xmut,X,null
822140579,2023-05-10,15.0,35.0,MACHO,X,Y,null
822140580,2023-05-10,15.0,35.0,MACHO,Xmut,Y,null
822140581,2023-05-10,15.0,35.0,HEMBRA,Xmut,X,null
849545262,2023-05-10,15.0,35.0,MACHO,Xmut,Y,null
849545263,2023-05-10,15.0,35.0,MACHO,Xmut,Y,null
849545264,2023-05-10,15.0,35.0,HEMBRA,Xmut,X,null
849545265,2023-05-10,15.0,35.0,MACHO,X,Y,null
849545266,2023-05-10,15.0,35.0,MACHO,Xmut,Y,null
849545267,2023-05-10,15.0,35.0,HEMBRA,X,X,null
876949948,2023-05-10,15.0,35.0,MACHO,X,Y,null
876949949,2023-05-10,15.0,35.0,MACHO,X,Y,null
904354630,2023-05-10,15.0,35.0,HEMBRA,X,X,null
904354631,2023-05-10,15.0,35.0,MACHO,X,Y,null
904354632,2023-05-10,15.0,35.0,MACHO,X,Y,null
904354633,2023-05-10,15.0,35.0,HEMBRA,X,X,null
904354634,2023-05-10,15.0,35.0,HEMBRA,X,X,null
904354635,2023-05-10,15.0,35.0,MACHO,X,Y,null
931759316,2023-05-10,15.0,35.0,HEMBRA,X,X,null
931759317,2023-05-10,15.0,35.0,MACHO,X,Y,null
931759318,2023-05-10,15.0,35.0,HEMBRA,X,X,null
931759319,2023-05-10,15.0,35.0,MACHO,X,Y,null
931759320,2023-05-10,15.0,35.0,HEMBRA,X,X,null
931759321,2023-05-10,15.0,35.0,HEMBRA,X,X,null
931759322,2023-05-10,15.0,35.0,HEMBRA,X,X,null
931759323,2023-05-10,15.0,35.0,MACHO,X,Y,null
931759324,2023-05-10,15.0,35.0,HEMBRA,X,X,null
959164005,2023-05-10,15.0,35.0,MACHO,X,Y,null
959164006,2023-05-10,15.0,35.0,HEMBRA,X,X,null
959164007,2023-05-10,15.0,35.0,MACHO,X,Y,null
959164008,2023-05-10,15.0,35.0,HEMBRA,X,X,null
959164009,2023-05-10,15.0,35.0,HEMBRA,X,X,null
959164010,2023-05-10,15.0,35.0,MACHO,X,Y,null
959164011,2023-05-10,15.0,35.0,HEMBRA,X,X,null
959164012,2023-05-10,15.0,35.0,MACHO,X,Y,null
986568693,2023-05-10,15.0,35.0,HEMBRA,X,X,null
986568694,2023-05-10,15.0,35.0,HEMBRA,X,X,null
986568695,2023-05-10,15.0,35.0,MACHO,X,Y,null
986568696,2023-05-10,15.0,35.0,MACHO,X,Y,null
986568697,2023-05-10,15.0,35.0,HEMBRA,X,X,null
1013973378,2023-05-10,15.0,35.0,MACHO,X,Y,null
1013973379,2023-05-10,15.0,35.0,MACHO,X,Y,null
1013973380,2023-05-10,15.0,35.0,HEMBRA,X,X,null
1041378061,2023-05-10,15.0,35.0,HEMBRA,X,X,null
1041378062,2023-05-10,15.0,35.0,HEMBRA,X,X,null
1041378063,2023-05-10,15.0,35.0,MACHO,X,Y,null
1068782744,2023-05-10,15.0,35.0,HEMBRA,X,X,null
1068782745,2023-05-10,15.0,35.0,HEMBRA,X,X,null
1068782746,2023-05-10,15.0,35.0,HEMBRA,X,X,null
1068782747,2023-05-10,15.0,35.0,MACHO,X,Y,null
1068782748,2023-05-10,15.0,35.0,MACHO,X,Y,null
1068782749,2023-05-10,15.0,35.0,HEMBRA,X,X,null
1068782750,2023-05-10,15.0,35.0,MACHO,X,Y,null
1096187431,2023-05-10,15.0,35.0,MACHO,Xmut,Y,null
1096187432,2023-05-10,15.0,35.0,MACHO,Xmut,Y,null
1096187433,2023-05-10,15.0,35.0,HEMBRA,X,X,null
1096187434,2023-05-10,15.0,35.0,MACHO,Xmut,Y,null
1096187435,2023-05-10,15.0,35.0,HEMBRA,Xmut,X,null
1096187436,2023-05-10,15.0,35.0,HEMBRA,Xmut,X,null
1096187437,2023-05-10,15.0,35.0,MACHO,X,Y,null
1096187438,2023-05-10,15.0,35.0,HEMBRA,X,X,null
1096187439,2023-05-10,15.0,35.0,MACHO,Xmut,Y,null
1123592120,2023-05-10,15.0,35.0,MACHO,X,Y,null
1123592121,2023-05-10,15.0,35.0,HEMBRA,X,Xmut,null
1150996802,2023-05-10,15.0,35.0,MACHO,X,Y,null
1150996803,2023-05-10,15.0,35.0,HEMBRA,X,Xmut,null
1150996804,2023-05-10,15.0,35.0,MACHO,X,Y,null
1150996805,2023-05-10,15.0,35.0,HEMBRA,X,Xmut,null
1178401486,2023-05-10,15.0,35.0,HEMBRA,X,X,null
1178401487,2023-05-10,15.0,35.0,MACHO,X,Y,null
1178401488,2023-05-10,15.0,35.0,HEMBRA,X,X,null
1205806169,2023-05-10,15.0,35.0,HEMBRA,X,X,null
1205806170,2023-05-10,15.0,35.0,HEMBRA,X,X,null
1205806171,2023-05-10,15.0,35.0,HEMBRA,X,X,null
1205806172,2023-05-10,15.0,35.0,HEMBRA,X,X,null
1233210853,2023-05-10,15.0,35.0,MACHO,X,Y,null
1233210854,2023-05-10,15.0,35.0,HEMBRA,X,X,null
1233210855,2023-05-10,15.0,35.0,HEMBRA,X,X,null
1233210856,2023-05-10,15.0,35.0,HEMBRA,X,X,null
1233210857,2023-05-10,15.0,35.0,MACHO,X,Y,null
1233210858,2023-05-10,15.0,35.0,HEMBRA,X,X,null
1233210859,2023-05-10,15.0,35.0,MACHO,X,Y,null
1260615540,2023-05-10,15.0,35.0,MACHO,X,Y,null
1260615541,2023-05-10,15.0,35.0,MACHO,X,Y,null
1260615542,2023-05-10,15.0,35.0,MACHO,X,Y,null
1260615543,2023-05-10,15.0,35.0,MACHO,X,Y,null
1288020224,2023-05-10,15.0,35.0,MACHO,X,Y,null
1288020225,2023-05-10,15.0,35.0,MACHO,X,Y,null
1288020226,2023-05-10,15.0,35.0,MACHO,X,Y,null
1288020227,2023-05-10,15.0,35.0,HEMBRA,X,X,null
1288020228,2023-05-10,15.0,35.0,MACHO,X,Y,null
1288020229,2023-05-10,15.0,35.0,MACHO,X,Y,null
1288020230,2023-05-10,15.0,35.0,HEMBRA,X,X,null
1288020231,2023-05-10,15.0,35.0,HEMBRA,X,X,null
1315424912,2023-05-10,15.0,35.0,MACHO,X,Y,null
1315424913,2023-05-10,15.0,35.0,HEMBRA,X,X,null
1315424914,2023-05-10,15.0,35.0,MACHO,X,Y,null
1315424915,2023-05-10,15.0,35.0,HEMBRA,X,X,null
1315424916,2023-05-10,15.0,35.0,HEMBRA,X,X,null
1315424917,2023-05-10,15.0,35.0,MACHO,X,Y,null
1342829598,2023-05-10,15.0,35.0,HEMBRA,X,X,null
1342829599,2023-05-10,15.0,35.0,HEMBRA,X,X,null
1342829600,2023-05-10,15.0,35.0,HEMBRA,X,X,null
1342829601,2023-05-10,15.0,35.0,MACHO,X,Y,null
1342829602,2023-05-10,15.0,35.0,MACHO,X,Y,null
1342829603,2023-05-10,15.0,35.0,MACHO,X,Y,null
1342829604,2023-05-10,15.0,35.0,HEMBRA,X,X,null
1370234285,2023-05-10,15.0,35.0,HEMBRA,Xmut,Xmut,null
1370234286,2023-05-10,15.0,35.0,MACHO,Xmut,Y,null
1397638967,2023-05-10,15.0,35.0,HEMBRA,X,Xmut,null
1397638968,2023-05-10,15.0,35.0,MACHO,X,Y,null
1397638969,2023-05-10,15.0,35.0,MACHO,X,Y,null
1397638970,2023-05-10,15.0,35.0,HEMBRA,X,Xmut,null
1397638971,2023-05-10,15.0,35.0,MACHO,X,Y,null
1425043652,2023-05-10,15.0,35.0,HEMBRA,X,Xmut,null
1425043653,2023-05-10,15.0,35.0,HEMBRA,X,Xmut,null
1425043654,2023-05-10,15.0,35.0,HEMBRA,X,Xmut,null
1425043655,2023-05-10,15.0,35.0,MACHO,X,Y,null
1425043656,2023-05-10,15.0,35.0,MACHO,X,Y,null
1452448337,2023-05-10,15.0,35.0,HEMBRA,X,X,null
1452448338,2023-05-10,15.0,35.0,HEMBRA,X,X,null
1452448339,2023-05-10,15.0,35.0,MACHO,X,Y,null
1452448340,2023-05-10,15.0,35.0,HEMBRA,X,X,null
1479853021,2023-05-10,15.0,35.0,HEMBRA,X,X,null
1479853022,2023-05-10,15.0,35.0,HEMBRA,Xmut,X,null
1479853023,2023-05-10,15.0,35.0,MACHO,X,Y,null
1479853024,2023-05-10,15.0,35.0,MACHO,Xmut,Y,null
1479853025,2023-05-10,15.0,35.0,HEMBRA,Xmut,X,null
1479853026,2023-05-10,15.0,35.0,MACHO,Xmut,Y,null
1479853027,2023-05-10,15.0,35.0,MACHO,Xmut,Y,null
1507257708,2023-05-10,15.0,35.0,MACHO,X,Y,null
1507257709,2023-05-10,15.0,35.0,MACHO,X,Y,null
1507257710,2023-05-10,15.0,35.0,HEMBRA,X,X,null
1507257711,2023-05-10,15.0,35.0,HEMBRA,X,X,null
1507257712,2023-05-10,15.0,35.0,HEMBRA,X,X,null
1534662393,2023-05-10,15.0,35.0,HEMBRA,X,X,null
1534662394,2023-05-10,15.0,35.0,MACHO,X,Y,null
1534662395,2023-05-10,15.0,35.0,HEMBRA,X,X,null
1534662396,2023-05-10,15.0,35.0,HEMBRA,X,X,null
1534662397,2023-05-10,15.0,35.0,HEMBRA,X,X,null
1534662398,2023-05-10,15.0,35.0,HEMBRA,X,X,null
1534662399,2023-05-10,15.0,35.0,MACHO,X,Y,null
1562067080,2023-05-10,15.0,35.0,MACHO,X,Y,null
1562067081,2023-05-10,15.0,35.0,MACHO,X,Y,null
1562067082,2023-05-10,15.0,35.0,HEMBRA,X,Xmut,null
1589471763,2023-05-10,15.0,35.0,HEMBRA,X,Xmut,null
1589471764,2023-05-10,15.0,35.0,HEMBRA,X,Xmut,null
1616876445,2023-05-10,15.0,35.0,HEMBRA,X,Xmut,null
1616876446,2023-05-10,15.0,35.0,HEMBRA,X,Xmut,null
1616876447,2023-05-10,15.0,35.0,MACHO,X,Y,null
1616876448,2023-05-10,15.0,35.0,MACHO,X,Y,null
1616876449,2023-05-10,15.0,35.0,HEMBRA,X,Xmut,null
1644281130,2023-05-10,15.0,35.0,HEMBRA,X,Xmut,null
1644281131,2023-05-10,15.0,35.0,HEMBRA,X,Xmut,null
1644281132,2023-05-10,15.0,35.0,MACHO,X,Y,null
1671685813,2023-05-10,15.0,35.0,HEMBRA,X,Xmut,null
1671685814,2023-05-10,15.0,35.0,MACHO,X,Y,null
1671685815,2023-05-10,15.0,35.0,MACHO,X,Y,null
1671685816,2023-05-10,15.0,35.0,HEMBRA,X,Xmut,null
1671685817,2023-05-10,15.0,35.0,MACHO,X,Y,null
1699090498,2023-05-10,15.0,35.0,MACHO,X,Y,null
1699090499,2023-05-10,15.0,35.0,MACHO,Xmut,Y,null
1699090500,2023-05-10,15.0,35.0,MACHO,Xmut,Y,null
1699090501,2023-05-10,15.0,35.0,MACHO,Xmut,Y,null
1699090502,2023-05-10,15.0,35.0,HEMBRA,X,X,null
1726495183,2023-05-10,15.0,35.0,HEMBRA,X,X,null
1726495184,2023-05-10,15.0,35.0,MACHO,X,Y,null
1726495185,2023-05-10,15.0,35.0,MACHO,X,Y,null
1726495186,2023-05-10,15.0,35.0,MACHO,X,Y,null
1753899867,2023-05-10,15.0,35.0,MACHO,X,Y,null
1753899868,2023-05-10,15.0,35.0,HEMBRA,X,Xmut,null
1753899869,2023-05-10,15.0,35.0,MACHO,X,Y,null
1753899870,2023-05-10,15.0,35.0,MACHO,X,Y,null
1781304551,2023-05-10,15.0,35.0,HEMBRA,X,Xmut,null
1781304552,2023-05-10,15.0,35.0,MACHO,Xmut,Y,null
1781304553,2023-05-10,15.0,35.0,HEMBRA,X,Xmut,null
1781304554,2023-05-10,15.0,35.0,MACHO,Xmut,Y,null
1808709235,2023-05-10,15.0,35.0,HEMBRA,Xmut,Xmut,null
1808709236,2023-05-10,15.0,35.0,HEMBRA,X,Xmut,null
1808709237,2023-05-10,15.0,35.0,HEMBRA,X,Xmut,null
1808709238,2023-05-10,15.0,35.0,HEMBRA,X,Xmut,null
1808709239,2023-05-10,15.0,35.0,MACHO,X,Y,null
1836113920,2023-05-10,15.0,35.0,MACHO,Xmut,Y,null
1836113921,2023-05-10,15.0,35.0,MACHO,Xmut,Y,null
1836113922,2023-05-10,15.0,35.0,HEMBRA,Xmut,Xmut,null
1836113923,2023-05-10,15.0,35.0,MACHO,Xmut,Y,null
1863518604,2023-05-10,15.0,35.0,MACHO,X,Y,null
1863518605,2023-05-10,15.0,35.0,HEMBRA,X,X,null
1863518606,2023-05-10,15.0,35.0,MACHO,X,Y,null
1863518607,2023-05-10,15.0,35.0,HEMBRA,X,X,null
1863518608,2023-05-10,15.0,35.0,HEMBRA,X,X,null
1863518609,2023-05-10,15.0,35.0,MACHO,X,Y,null
1863518610,2023-05-10,15.0,35.0,MACHO,X,Y,null
1863518611,2023-05-10,15.0,35.0,HEMBRA,X,X,null
1890923292,2023-05-10,15.0,35.0,MACHO,X,Y,null
1890923293,2023-05-10,15.0,35.0,HEMBRA,X,Xmut,null
1890923294,2023-05-10,15.0,35.0,MACHO,X,Y,null
1918327975,2023-05-10,15.0,35.0,MACHO,X,Y,null
1918327976,2023-05-10,15.0,35.0,MACHO,X,Y,null
1918327977,2023-05-10,15.0,35.0,MACHO,X,Y,null
1918327978,2023-05-10,15.0,35.0,MACHO,X,Y,null
1945732659,2023-05-10,15.0,35.0,HEMBRA,X,X,null
1945732660,2023-05-10,15.0,35.0,HEMBRA,X,X,null
1945732661,2023-05-10,15.0,35.0,MACHO,X,Y,null
1945732662,2023-05-10,15.0,35.0,MACHO,X,Y,null
1945732663,2023-05-10,15.0,35.0,MACHO,X,Y,null
1973137344,2023-05-10,15.0,35.0,MACHO,X,Y,null
1973137345,2023-05-10,15.0,35.0,MACHO,X,Y,null
1973137346,2023-05-10,15.0,35.0,MACHO,X,Y,null
1973137347,2023-05-10,15.0,35.0,HEMBRA,X,X,null
2000542028,2023-05-10,15.0,35.0,MACHO,X,Y,null
2000542029,2023-05-10,15.0,35.0,HEMBRA,X,Xmut,null
2027946710,2023-05-10,15.0,35.0,MACHO,X,Y,null
2027946711,2023-05-10,15.0,35.0,MACHO,X,Y,null
2027946712,2023-05-10,15.0,35.0,HEMBRA,X,Xmut,null
2027946713,2023-05-10,15.0,35.0,HEMBRA,X,Xmut,null
2055351394,2023-05-10,15.0,35.0,HEMBRA,Xmut,X,null
2055351395,2023-05-10,15.0,35.0,MACHO,Xmut,Y,null
2055351396,2023-05-10,15.0,35.0,MACHO,Xmut,Y,null
2082756077,2023-05-10,15.0,35.0,MACHO,X,Y,null
2082756078,2023-05-10,15.0,35.0,HEMBRA,X,X,null
2082756079,2023-05-10,15.0,35.0,MACHO,X,Y,null
2082756080,2023-05-10,15.0,35.0,HEMBRA,X,X,null
2082756081,2023-05-10,15.0,35.0,HEMBRA,X,X,null
2082756082,2023-05-10,15.0,35.0,HEMBRA,X,X,null
2082756083,2023-05-10,15.0,35.0,MACHO,X,Y,null
2082756084,2023-05-10,15.0,35.0,HEMBRA,X,X,null
2110160765,2023-05-10,15.0,35.0,HEMBRA,X,X,null
2110160766,2023-05-10,15.0,35.0,HEMBRA,X,X,null
2110160767,2023-05-10,15.0,35.0,HEMBRA,X,X,null
2110160768,2023-05-10,15.0,35.0,HEMBRA,X,X,null
2110160769,2023-05-10,15.0,35.0,HEMBRA,X,X,null
2137565450,2023-05-10,15.0,35.0,HEMBRA,X,X,null
2137565451,2023-05-10,15.0,35.0,MACHO,X,Y,null
2137565452,2023-05-10,15.0,35.0,MACHO,X,Y,null
2137565453,2023-05-10,15.0,35.0,HEMBRA,X,X,null
2137565454,2023-05-10,15.0,35.0,MACHO,X,Y,null
2137565455,2023-05-10,15.0,35.0,MACHO,X,Y,null